Workbook

Sheet 안내
A1: 생산자물가지수 품목별 월별 등락 분석 보고서
A3: 분석 대상 기간: 2021년 1월 ~ 2026년 5월 (65개월)
A4: 분석 대상 품목: 62개 품목 (농산물·축산물·임산물·수산물)
A6: [시트 구성]
A7: 1. 원자료(월별지수) : 품목별 65개월 생산자물가지수 원자료 (2020=100 기준)
A8: 2. 월별증감률(전월비) : 전월 대비 등락률(%) = 이번달지수/전달지수-1 (수식으로 산출)
A9: 3. 계절평균(월별등락률) : 2021~2026년 동일 월(예: 모든 해의 1월)의 전월비 등락률을 평균낸 값.
A10: -> 특정 품목이 '어느 달에 통상적으로 오르고 내리는지'를 보여주는 계절 패턴표
A11: -> 가장많이오르는달 / 가장많이내리는달 컬럼에서 품목별 성수기 상승·하락 시점을 바로 확인 가능
A12: -> 표 안의 색(빨강=상승, 파랑=하락)은 조건부 서식(색조)으로 표시
A13: 4. 차트(카테고리별 계절패턴) : 9개 카테고리별로 월별 평균 등락률을 선그래프로 시각화
A15: [카테고리 구성]
... A20: - 배추, 시금치, 상추, 무 등 노지채소는 계절(기상)에 따른 등락폭이 매우 크고, 감자·고구마 등은 수확기(가을) 직후 하락, 단경기(봄~여름) 직전 상승하는 경향이 뚜렷합니다.

Sheet 원자료(월별지수)
A1: 카테고리 | B1: 품목 | C1: 단위 | D1: 가중치 | E1: 2021/01 | F1: 2021/02 | G1: 2021/03 | H1: 2021/04 | I1: 2021/05 | J1: 2021/06 | K1: 2021/07 | L1: 2021/08 | M1: 2021/09 | N1: 2021/10 | O1: 2021/11 | P1: 2021/12 | Q1: 2022/01 | R1: 2022/02 | S1: 2022/03 | T1: 2022/04 | U1: 2022/05 | V1: 2022/06 | W1: 2022/07 | X1: 2022/08 | Y1: 2022/09 | Z1: 2022/10 | AA1: 2022/11 | AB1: 2022/12 | AC1: 2023/01 | AD1: 2023/02 | AE1: 2023/03 | AF1: 2023/04 | AG1: 2023/05 | AH1: 2023/06 | AI1: 2023/07 | AJ1: 2023/08 | AK1: 2023/09 | AL1: 2023/10 | AM1: 2023/11 | AN1: 2023/12 | AO1: 2024/01 | AP1: 2024/02 | AQ1: 2024/03 | AR1: 2024/04 | AS1: 2024/05 | AT1: 2024/06 | AU1: 2024/07 | AV1: 2024/08 | AW1: 2024/09 | AX1: 2024/10 | AY1: 2024/11 | AZ1: 2024/12 | BA1: 2025/01 | BB1: 2025/02 | BC1: 2025/03 | BD1: 2025/04 | BE1: 2025/05 | BF1: 2025/06 | BG1: 2025/07 | BH1: 2025/08 | BI1: 2025/09 | BJ1: 2025/10 | BK1: 2025/11 | BL1: 2025/12 | BM1: 2026/01 | BN1: 2026/02 | BO1: 2026/03 | BP1: 2026/04 | BQ1: 2026/05
A2: 곡물류 | B2: 쌀 | C2: 2020=100 | D2: 3.6 | E2: 110.86 | F2: 111.43 | G2: 112.26 | H2: 113.14 | I2: 113.38 | J2: 113.46 | K2: 113.38 | L2: 112.81 | M2: 110.14 | N2: 112.35 | O2: 108.3 | P2: 105.31 | Q2: 103.05 | R2: 102.55 | S2: 100.96 | T2: 97.11 | U2: 94.48 | V2: 92.42 | W2: 90.1 | X2: 86.21 | Y2: 82.74 | Z2: 95.44 | AA2: 94.99 | AB2: 94.61 | AC2: 91.5 | AD2: 91.13 | AE2: 90.77 | AF2: 90.25 | AG2: 90.49 | AH2: 92.28 | AI2: 94.42 | AJ2: 98.63 | AK2: 101.6 | AL2: 106.82 | AM2: 101.35 | AN2: 100.49 | AO2: 99.31 | AP2: 98.2 | AQ2: 97.98 | AR2: 97 | AS2: 96.09 | AT2: 94.94 | AU2: 92.1 | AV2: 90.11 | AW2: 88.76 | AX2: 94.01 | AY2: 92.95 | AZ2: 94.15 | BA2: 95.07 | BB2: 96.29 | BC2: 97.78 | BD2: 98.39 | BE2: 99.01 | BF2: 102.33 | BG2: 105.2 | BH2: 109.04 | BI2: 114.21 | BJ2: 120.17 | BK2: 115.67 | BL2: 115.65 | BM2: 116.14 | BN2: 116.93 | BO2: 117.05 | BP2: 116.52 | BQ2: 116.23
A3: 곡물류 | B3: 보리쌀 | C3: 2020=100 | D3: 0.1 | E3: 100 | F3: 100 | G3: 100 | H3: 100 | I3: 100 | J3: 100.22 | K3: 100.53 | L3: 100.53 | M3: 100.53 | N3: 100.53 | O3: 100.53 | P3: 100.53 | Q3: 101.14 | R3: 102.93 | S3: 102.93 | T3: 102.93 | U3: 102.93 | V3: 107.13 | W3: 113.26 | X3: 113.26 | Y3: 113.26 | Z3: 113.26 | AA3: 113.26 | AB3: 113.26 | AC3: 113.26 | AD3: 113.26 | AE3: 113.26 | AF3: 113.26 | AG3: 113.26 | AH3: 113.26 | AI3: 115.56 | AJ3: 115.65 | AK3: 115.65 | AL3: 115.65 | AM3: 115.65 | AN3: 115.65 | AO3: 115.65 | AP3: 115.65 | AQ3: 115.65 | AR3: 115.65 | AS3: 115.65 | AT3: 125.41 | AU3: 154.88 | AV3: 154.88 | AW3: 154.88 | AX3: 162.42 | AY3: 167.95 | AZ3: 167.95 | BA3: 167.95 | BB3: 169.19 | BC3: 173.91 | BD3: 174.84 | BE3: 177.27 | BF3: 180.51 | BG3: 183.74 | BH3: 183.74 | BI3: 183.74 | BJ3: 183.74 | BK3: 183.74 | BL3: 183.74 | BM3: 181.9 | BN3: 180.86 | BO3: 178.82 | BP3: 173.32 | BQ3: 161.21
A4: 곡물류 | B4: 콩 | C4: 2020=100 | D4: 0.3 | E4: 114.38 | F4: 115.16 | G4: 117.33 | H4: 117.68 | I4: 117.85 | J4: 118.91 | K4: 120.84 | L4: 121.04 | M4: 121.12 | N4: 120.52 | O4: 118.66 | P4: 115.03 | Q4: 110.31 | R4: 109.51 | S4: 109.62 | T4: 109.46 | U4: 111.47 | V4: 112.47 | W4: 112.24 | X4: 112.24 | Y4: 112.24 | Z4: 113.3 | AA4: 109.04 | AB4: 102.62 | AC4: 100.98 | AD4: 99.91 | AE4: 98.88 | AF4: 98 | AG4: 98.06 | AH4: 98.58 | AI4: 99.02 | AJ4: 99.99 | AK4: 101.46 | AL4: 102.02 | AM4: 101.99 | AN4: 101.33 | AO4: 100.97 | AP4: 100.29 | AQ4: 101.37 | AR4: 101.34 | AS4: 101.29 | AT4: 101.81 | AU4: 101.87 | AV4: 101.92 | AW4: 101.53 | AX4: 101.35 | AY4: 102.81 | AZ4: 105.2 | BA4: 105.19 | BB4: 105.27 | BC4: 105.98 | BD4: 105.94 | BE4: 105.9 | BF4: 105.29 | BG4: 105.13 | BH4: 105.43 | BI4: 105.27 | BJ4: 104.95 | BK4: 104.66 | BL4: 104.5 | BM4: 103.86 | BN4: 103.07 | BO4: 103.04 | BP4: 103.12 | BQ4: 103.26
A5: 서류 | B5: 감자 | C5: 2020=100 | D5: 0.3 | E5: 104.91 | F5: 107.48 | G5: 104.34 | H5: 93.5 | I5: 85.55 | J5: 71.17 | K5: 77.7 | L5: 101.24 | M5: 108.43 | N5: 105.99 | O5: 116.99 | P5: 130.09 | Q5: 129.5 | R5: 130.76 | S5: 144.07 | T5: 208.88 | U5: 187.38 | V5: 125.11 | W5: 124.47 | X5: 134.8 | Y5: 135.43 | Z5: 133.08 | AA5: 143.11 | AB5: 142.26 | AC5: 141.45 | AD5: 136.64 | AE5: 145.75 | AF5: 189.15 | AG5: 213.05 | AH5: 124.28 | AI5: 122.27 | AJ5: 121.85 | AK5: 125.54 | AL5: 125.57 | AM5: 129.49 | AN5: 138.39 | AO5: 138.58 | AP5: 124.62 | AQ5: 136.83 | AR5: 140.56 | AS5: 122.17 | AT5: 90.19 | AU5: 89.4 | AV5: 95.14 | AW5: 101.84 | AX5: 98.05 | AY5: 101.16 | AZ5: 109.73 | BA5: 113.72 | BB5: 117.21 | BC5: 103.03 | BD5: 108.68 | BE5: 106.64 | BF5: 92.91 | BG5: 97.52 | BH5: 121.58 | BI5: 124.27 | BJ5: 130.73 | BK5: 136.3 | BL5: 151.31 | BM5: 186.73 | BN5: 158.81 | BO5: 164.78 | BP5: 181.04 | BQ5: 127.13
A6: 서류 | B6: 고구마 | C6: 2020=100 | D6: 0.2 | E6: 104.75 | F6: 108.14 | G6: 106.43 | H6: 105.45 | I6: 122.02 | J6: 126.02 | K6: 85.92 | L6: 83.37 | M6: 82.49 | N6: 73.6 | O6: 71.44 | P6: 75.35 | Q6: 71.53 | R6: 72.25 | S6: 69.62 | T6: 71.89 | U6: 70.29 | V6: 70.65 | W6: 63.64 | X6: 67.46 | Y6: 64.21 | Z6: 58.43 | AA6: 62.31 | AB6: 69.07 | AC6: 69.3 | AD6: 69.58 | AE6: 63.81 | AF6: 65.58 | AG6: 72.56 | AH6: 83.33 | AI6: 88.55 | AJ6: 94.89 | AK6: 76.2 | AL6: 66.68 | AM6: 67.05 | AN6: 68.14 | AO6: 76.27 | AP6: 83.93 | AQ6: 90.07 | AR6: 90.52 | AS6: 97 | AT6: 87.86 | AU6: 66.35 | AV6: 69.89 | AW6: 71.97 | AX6: 66.91 | AY6: 71.06 | AZ6: 79.42 | BA6: 74.61 | BB6: 77.24 | BC6: 69.38 | BD6: 66.66 | BE6: 69.34 | BF6: 76.13 | BG6: 68.34 | BH6: 83.49 | BI6: 70.7 | BJ6: 71.65 | BK6: 72.49 | BL6: 75.61 | BM6: 80.06 | BN6: 80.33 | BO6: 75.94 | BP6: 72.44 | BQ6: 76.76
A7: 채소류(엽경채) | B7: 배추 | C7: 2020=100 | D7: 0.4 | E7: 45.56 | F7: 69.54 | G7: 85.25 | H7: 87.15 | I7: 66.58 | J7: 49.04 | K7: 59.55 | L7: 87.66 | M7: 111.22 | N7: 57.93 | O7: 88.92 | P7: 76.7 | Q7: 74.65 | R7: 76.82 | S7: 87.61 | T7: 97.78 | U7: 107.25 | V7: 86.48 | W7: 127.14 | X7: 167.94 | Y7: 296.85 | Z7: 113.78 | AA7: 62.45 | AB7: 49.97 | AC7: 50.35 | AD7: 57.75 | AE7: 71.71 | AF7: 96.08 | AG7: 93.68 | AH7: 84.64 | AI7: 80.56 | AJ7: 171.35 | AK7: 159.44 | AL7: 121.93 | AM7: 70.95 | AN7: 65.64 | AO7: 67.33 | AP7: 85.04 | AQ7: 115.66 | AR7: 150.17 | AS7: 121.66 | AT7: 66.53 | AU7: 100.16 | AV7: 173.28 | AW7: 279 | AX7: 150.39 | AY7: 86.73 | AZ7: 92.72 | BA7: 131.86 | BB7: 140.87 | BC7: 143.62 | BD7: 132.71 | BE7: 54.66 | BF7: 71.66 | BG7: 108.7 | BH7: 147.33 | BI7: 160.22 | BJ7: 118.35 | BK7: 114.97 | BL7: 111.63 | BM7: 95.04 | BN7: 95.13 | BO7: 93.85 | BP7: 88.91 | BQ7: 62.52
A8: 채소류(엽경채) | B8: 시금치 | C8: 2020=100 | D8: 0.1 | E8: 95.48 | F8: 82.82 | G8: 65.39 | H8: 73.46 | I8: 87.74 | J8: 101.41 | K8: 178.52 | L8: 332.41 | M8: 209.33 | N8: 158.2 | O8: 91.29 | P8: 68.23 | Q8: 88.99 | R8: 125.07 | S8: 97.06 | T8: 79.09 | U8: 88.44 | V8: 108.85 | W8: 330.86 | X8: 436.35 | Y8: 276.77 | Z8: 101.22 | AA8: 56.97 | AB8: 60.47 | AC8: 88.67 | AD8: 92.17 | AE8: 76.28 | AF8: 79.43 | AG8: 97.8 | AH8: 115.35 | AI8: 314.34 | AJ8: 492.55 | AK8: 435.4 | AL8: 116.34 | AM8: 77.47 | AN8: 87.14 | AO8: 112.47 | AP8: 121.77 | AQ8: 133.57 | AR8: 83.95 | AS8: 77 | AT8: 96.93 | AU8: 201.16 | AV8: 451.5 | AW8: 569.84 | AX8: 215.72 | AY8: 93.06 | AZ8: 72.63 | BA8: 105.51 | BB8: 114.23 | BC8: 88.83 | BD8: 61.64 | BE8: 74.43 | BF8: 106.8 | BG8: 290.06 | BH8: 379.15 | BI8: 388.93 | BJ8: 204.04 | BK8: 135.16 | BL8: 89.36 | BM8: 101.71 | BN8: 103.69 | BO8: 60.68 | BP8: 65.55 | BQ8: 71.57
A9: 채소류(엽경채) | B9: 상추 | C9: 2020=100 | D9: 0.1 | E9: 134.14 | F9: 83.13 | G9: 64.27 | H9: 73.7 | I9: 84.78 | J9: 108.5 | K9: 163.99 | L9: 209.4 | M9: 281.33 | N9: 218.28 | O9: 86.15 | P9: 82.38 | Q9: 119.18 | R9: 74.95 | S9: 72.81 | T9: 84.93 | U9: 75.95 | V9: 125.84 | W9: 310.3 | X9: 280.54 | Y9: 159.59 | Z9: 89.12 | AA9: 55.52 | AB9: 120.67 | AC9: 157.78 | AD9: 101.75 | AE9: 87.1 | AF9: 77 | AG9: 73.28 | AH9: 108.66 | AI9: 323.06 | AJ9: 227.75 | AK9: 209.93 | AL9: 152.16 | AM9: 103.8 | AN9: 81.38 | AO9: 124.94 | AP9: 85.47 | AQ9: 99.2 | AR9: 68.76 | AS9: 72.75 | AT9: 83.87 | AU9: 227.65 | AV9: 258.28 | AW9: 373.71 | AX9: 276.91 | AY9: 99.49 | AZ9: 67.11 | BA9: 75.94 | BB9: 71.17 | BC9: 65.16 | BD9: 65.65 | BE9: 82.87 | BF9: 92.49 | BG9: 157.41 | BH9: 181.26 | BI9: 251.72 | BJ9: 226.96 | BK9: 130.04 | BL9: 87.68 | BM9: 146.01 | BN9: 89.81 | BO9: 57.42 | BP9: 65.13 | BQ9: 77.34
A10: 채소류(엽경채) | B10: 부추 | C10: 2020=100 | D10: 0.1 | E10: 165.98 | F10: 127.65 | G10: 86.94 | H10: 64.93 | I10: 53.27 | J10: 49.28 | K10: 61.8 | L10: 91.33 | M10: 108.6 | N10: 110.24 | O10: 183.53 | P10: 157.09 | Q10: 161.44 | R10: 132.47 | S10: 124.35 | T10: 113.13 | U10: 67.39 | V10: 57.33 | W10: 106.41 | X10: 133.38 | Y10: 108.55 | Z10: 123.12 | AA10: 141.11 | AB10: 151.37 | AC10: 259.75 | AD10: 189.92 | AE10: 126.88 | AF10: 96.42 | AG10: 77.65 | AH10: 52.25 | AI10: 76.56 | AJ10: 148.78 | AK10: 84.03 | AL10: 128.39 | AM10: 176.5 | AN10: 212.4 | AO10: 194.71 | AP10: 209.13 | AQ10: 213.31 | AR10: 95.09 | AS10: 63.15 | AT10: 51.93 | AU10: 56.52 | AV10: 154.22 | AW10: 104.71 | AX10: 106.2 | AY10: 186.44 | AZ10: 229.18 | BA10: 214.24 | BB10: 210.66 | BC10: 162.05 | BD10: 92.22 | BE10: 68.71 | BF10: 47.42 | BG10: 77.21 | BH10: 100.08 | BI10: 82.76 | BJ10: 127.58 | BK10: 248.11 | BL10: 154.44 | BM10: 126.97 | BN10: 172.02 | BO10: 115 | BP10: 73.85 | BQ10: 44.71
A11: 채소류(엽경채) | B11: 수박 | C11: 2020=100 | D11: 0.3 | E11: 42.95 | F11: 75.65 | G11: 121.89 | H11: 110.22 | I11: 103.14 | J11: 88.43 | K11: 123.85 | L11: 116.36 | M11: 80.04 | N11: 62.88 | O11: 91.9 | P11: 106.78 | Q11: 100.41 | R11: 110.97 | S11: 113.94 | T11: 117.3 | U11: 140.49 | V11: 113.23 | W11: 151.77 | X11: 163.26 | Y11: 111.63 | Z11: 97.04 | AA11: 103.01 | AB11: 111.09 | AC11: 120.79 | AD11: 176.5 | AE11: 166.83 | AF11: 128.95 | AG11: 127.23 | AH11: 111.77 | AI11: 131.63 | AJ11: 188.49 | AK11: 128.49 | AL11: 95.13 | AM11: 104.97 | AN11: 115.18 | AO11: 236.05 | AP11: 245.01 | AQ11: 232.34 | AR11: 221.53 | AS11: 137.62 | AT11: 108.52 | AU11: 130.06 | AV11: 175.12 | AW11: 122.55 | AX11: 119.18 | AY11: 119.95 | AZ11: 143.5 | BA11: 135.72 | BB11: 136.84 | BC11: 150.99 | BD11: 137.26 | BE11: 129.08 | BF11: 109.63 | BG11: 176.28 | BH11: 174.34 | BI11: 128.15 | BJ11: 102 | BK11: 112.69 | BL11: 114.91 | BM11: 97.93 | BN11: 141.18 | BO11: 151.82 | BP11: 146.96 | BQ11: 144.72
A12: 채소류(엽경채) | B12: 참외 | C12: 2020=100 | D12: 0.2 | E12: 129.36 | F12: 110.4 | G12: 152.32 | H12: 119.82 | I12: 84.62 | J12: 84.32 | K12: 58.22 | L12: 79 | M12: 65.3 | N12: 65.3 | O12: 65.3 | P12: 65.3 | Q12: 65.3 | R12: 65.3 | S12: 144.49 | T12: 142.86 | U12: 80.87 | V12: 64.16 | W12: 73.67 | X12: 83.19 | Y12: 83.19 | Z12: 83.19 | AA12: 83.19 | AB12: 83.19 | AC12: 83.19 | AD12: 83.19 | AE12: 159.22 | AF12: 123.5 | AG12: 87.29 | AH12: 86.68 | AI12: 69.65 | AJ12: 130.32 | AK12: 130.32 | AL12: 130.32 | AM12: 130.32 | AN12: 130.32 | AO12: 130.32 | AP12: 130.32 | AQ12: 184.86 | AR12: 188.09 | AS12: 89.57 | AT12: 64.38 | AU12: 55.28 | AV12: 68.89 | AW12: 68.89 | AX12: 68.89 | AY12: 68.89 | AZ12: 68.89 | BA12: 68.89 | BB12: 68.89 | BC12: 158.1 | BD12: 164.59 | BE12: 77.19 | BF12: 80.71 | BG12: 61.12 | BH12: 72.27 | BI12: 72.27 | BJ12: 72.27 | BK12: 72.27 | BL12: 72.27 | BM12: 72.27 | BN12: 72.27 | BO12: 156.8 | BP12: 140.44 | BQ12: 86.21
A13: 채소류(엽경채) | B13: 오이 | C13: 2020=100 | D13: 0.3 | E13: 138.09 | F13: 135.27 | G13: 108.12 | H13: 68.48 | I13: 73.5 | J13: 64.32 | K13: 81.41 | L13: 112.91 | M13: 109.35 | N13: 130.05 | O13: 152.8 | P13: 149.73 | Q13: 165.41 | R13: 131.82 | S13: 130.39 | T13: 79.85 | U13: 61.32 | V13: 78.51 | W13: 157.39 | X13: 163.39 | Y13: 132.8 | Z13: 97.63 | AA13: 84.66 | AB13: 148.15 | AC13: 196.83 | AD13: 188.74 | AE13: 138.12 | AF13: 93.79 | AG13: 71.59 | AH13: 80.73 | AI13: 122.58 | AJ13: 140.27 | AK13: 144.54 | AL13: 114.93 | AM13: 141.65 | AN13: 169.72 | AO13: 217.29 | AP13: 220.04 | AQ13: 181.35 | AR13: 101.27 | AS13: 66.24 | AT13: 55.33 | AU13: 109.98 | AV13: 133.2 | AW13: 148.93 | AX13: 141.11 | AY13: 140.15 | AZ13: 141.02 | BA13: 174.16 | BB13: 159.72 | BC13: 138.65 | BD13: 89.93 | BE13: 75.98 | BF13: 75.78 | BG13: 85.09 | BH13: 113.87 | BI13: 126.41 | BJ13: 127.21 | BK13: 110.32 | BL13: 138.06 | BM13: 164.32 | BN13: 140.97 | BO13: 114.08 | BP13: 79.21 | BQ13: 51.88
... A26: 채소류(기타) | B26: 피망 | C26: 2020=100 | D26: 0.1 | E26: 135.65 | F26: 215.67 | G26: 158.22 | H26: 83.18 | I26: 60.68 | J26: 100.1 | K26: 45.63 | L26: 39.79 | M26: 93.97 | N26: 61.95 | O26: 115.57 | P26: 115.33 | Q26: 221.61 | R26: 151.1 | S26: 115.56 | T26: 121.54 | U26: 99.85 | V26: 80.15 | W26: 85.33 | X26: 91.26 | Y26: 154.75 | Z26: 63.72 | AA26: 70.46 | AB26: 106.35 | AC26: 213.85 | AD26: 205.2 | AE26: 127.41 | AF26: 101.4 | AG26: 109.96 | AH26: 109.38 | AI26: 50.74 | AJ26: 93.44 | AK26: 118.07 | AL26: 110.41 | AM26: 93.81 | AN26: 126.24 | AO26: 259.92 | AP26: 269.61 | AQ26: 192.59 | AR26: 112.15 | AS26: 57.19 | AT26: 66.84 | AU26: 48.89 | AV26: 66.44 | AW26: 103.04 | AX26: 147.86 | AY26: 120.5 | AZ26: 89.23 | BA26: 133.02 | BB26: 179.11 | BC26: 166.55 | BD26: 106.5 | BE26: 95.42 | BF26: 108.46 | BG26: 59.62 | BH26: 53.14 | BI26: 85.95 | BJ26: 87.94 | BK26: 93.06 | BL26: 65.04 | BM26: 129.07 | BN26: 176.71 | BO26: 153.21 | BP26: 136.9 | BQ26: 107.79
A27: 채소류(기타) | B27: 양배추 | C27: 2022.12=100 | D27: 0.1 | AB27: 100 | AC27: 102.94 | AD27: 110.92 | AE27: 110.61 | AF27: 122.45 | AG27: 164.07 | AH27: 148.1 | AI27: 112.07 | AJ27: 190.68 | AK27: 196.58 | AL27: 193.45 | AM27: 119.46 | AN27: 110.27 | AO27: 99.23 | AP27: 112.19 | AQ27: 167.67 | AR27: 279.7 | AS27: 277.75 | AT27: 127.25 | AU27: 95.14 | AV27: 148.4 | AW27: 142.26 | AX27: 194.19 | AY27: 208.61 | AZ27: 181.99 | BA27: 244.1 | BB27: 294.81 | BC27: 259.66 | BD27: 203.21 | BE27: 154.91 | BF27: 92.41 | BG27: 121.01 | BH27: 128.98 | BI27: 135.4 | BJ27: 109.25 | BK27: 124.39 | BL27: 137.73 | BM27: 135.06 | BN27: 145.21 | BO27: 104.06 | BP27: 69.11 | BQ27: 70.92
A28: 과실류 | B28: 사과 | C28: 2020=100 | D28: 0.9 | E28: 116.04 | F28: 124.56 | G28: 120.38 | H28: 124.9 | I28: 127.08 | J28: 125.39 | K28: 113.1 | L28: 86.22 | M28: 86.22 | N28: 75.72 | O28: 66.44 | P28: 83.95 | Q28: 105.16 | R28: 88.15 | S28: 71.89 | T28: 79 | U28: 72.89 | V28: 92.39 | W28: 106.36 | X28: 106.9 | Y28: 106.9 | Z28: 75.32 | AA28: 69.67 | AB28: 72.01 | AC28: 79.84 | AD28: 77.36 | AE28: 74.85 | AF28: 82.29 | AG28: 94.27 | AH28: 115.19 | AI28: 139.02 | AJ28: 150.72 | AK28: 140.2 | AL28: 135.21 | AM28: 136.31 | AN28: 160.06 | AO28: 172.02 | AP28: 171.7 | AQ28: 176.48 | AR28: 194.49 | AS28: 199.55 | AT28: 196.95 | AU28: 176.59 | AV28: 176.59 | AW28: 134.87 | AX28: 122.29 | AY28: 119.8 | AZ28: 129.54 | BA28: 139.49 | BB28: 167.95 | BC28: 163.97 | BD28: 168.44 | BE28: 146.9 | BF28: 160.33 | BG28: 165.67 | BH28: 162.9 | BI28: 127.73 | BJ28: 164.76 | BK28: 144.2 | BL28: 172.68 | BM28: 170.49 | BN28: 173.65 | BO28: 170.94 | BP28: 169.92 | BQ28: 169.28
A29: 과실류 | B29: 배 | C29: 2020=100 | D29: 0.2 | E29: 138.79 | F29: 142.74 | G29: 145.68 | H29: 148.76 | I29: 158.69 | J29: 164.97 | K29: 185.59 | L29: 190.22 | M29: 85.46 | N29: 73.94 | O29: 81.53 | P29: 92.13 | Q29: 102.49 | R29: 94.81 | S29: 93.41 | T29: 98.8 | U29: 106.22 | V29: 126.42 | W29: 135.72 | X29: 125.92 | Y29: 81.89 | Z29: 67.71 | AA29: 69.92 | AB29: 70.95 | AC29: 79.41 | AD29: 80.05 | AE29: 75.89 | AF29: 72.4 | AG29: 79.77 | AH29: 93.17 | AI29: 103.92 | AJ29: 105.03 | AK29: 114.3 | AL29: 104.15 | AM29: 116.44 | AN29: 126.3 | AO29: 138.49 | AP29: 153.71 | AQ29: 183.7 | AR29: 231.09 | AS29: 256.36 | AT29: 279.26 | AU29: 295.21 | AV29: 98.48 | AW29: 106.42 | AX29: 100.24 | AY29: 139.89 | AZ29: 168.8 | BA29: 187.72 | BB29: 177.12 | BC29: 169.85 | BD29: 171.2 | BE29: 148.51 | BF29: 142.06 | BG29: 131.82 | BH29: 115.41 | BI29: 103.05 | BJ29: 99.14 | BK29: 104.91 | BL29: 108.61 | BM29: 117.47 | BN29: 122.94 | BO29: 131.37 | BP29: 134.27 | BQ29: 135.56
A30: 과실류 | B30: 복숭아 | C30: 2020=100 | D30: 0.2 | E30: 93.13 | F30: 93.13 | G30: 93.13 | H30: 93.13 | I30: 93.13 | J30: 93.13 | K30: 118.05 | L30: 110.36 | M30: 110.36 | N30: 110.36 | O30: 110.36 | P30: 110.36 | Q30: 110.36 | R30: 110.36 | S30: 110.36 | T30: 110.36 | U30: 110.36 | V30: 110.36 | W30: 130.6 | X30: 108.84 | Y30: 108.84 | Z30: 108.84 | AA30: 108.84 | AB30: 108.84 | AC30: 108.84 | AD30: 108.84 | AE30: 108.84 | AF30: 108.84 | AG30: 108.84 | AH30: 108.84 | AI30: 120.5 | AJ30: 171.26 | AK30: 171.26 | AL30: 171.26 | AM30: 171.26 | AN30: 171.26 | AO30: 171.26 | AP30: 171.26 | AQ30: 171.26 | AR30: 171.26 | AS30: 171.26 | AT30: 171.26 | AU30: 98.53 | AV30: 108.85 | AW30: 135.76 | AX30: 135.76 | AY30: 135.76 | AZ30: 135.76 | BA30: 135.76 | BB30: 135.76 | BC30: 135.76 | BD30: 135.76 | BE30: 135.76 | BF30: 135.76 | BG30: 125.71 | BH30: 104.54 | BI30: 91.08 | BJ30: 91.08 | BK30: 91.08 | BL30: 91.08 | BM30: 91.08 | BN30: 91.08 | BO30: 91.08 | BP30: 91.08 | BQ30: 91.08
A31: 과실류 | B31: 포도 | C31: 2020=100 | D31: 0.3 | E31: 105.24 | F31: 105.24 | G31: 105.24 | H31: 105.24 | I31: 105.24 | J31: 105.24 | K31: 142.45 | L31: 111.66 | M31: 108.02 | N31: 104.47 | O31: 104.47 | P31: 104.47 | Q31: 104.47 | R31: 104.47 | S31: 104.47 | T31: 104.47 | U31: 104.47 | V31: 104.47 | W31: 136.38 | X31: 134.51 | Y31: 115.34 | Z31: 105.06 | AA31: 109.35 | AB31: 109.35 | AC31: 109.35 | AD31: 109.35 | AE31: 109.35 | AF31: 109.35 | AG31: 109.35 | AH31: 109.35 | AI31: 235.21 | AJ31: 216.26 | AK31: 160.13 | AL31: 136.74 | AM31: 139.34 | AN31: 142.49 | AO31: 156.94 | AP31: 171.96 | AQ31: 178 | AR31: 178 | AS31: 178 | AT31: 178 | AU31: 145.58 | AV31: 139.7 | AW31: 132.93 | AX31: 97.41 | AY31: 97.41 | AZ31: 97.41 | BA31: 114.33 | BB31: 113.14 | BC31: 113.14 | BD31: 113.14 | BE31: 113.14 | BF31: 113.14 | BG31: 206.8 | BH31: 156.74 | BI31: 117.78 | BJ31: 96.01 | BK31: 92.73 | BL31: 93.21 | BM31: 96.85 | BN31: 104.62 | BO31: 112.99 | BP31: 112.99 | BQ31: 112.99
A32: 과실류 | B32: 감귤 | C32: 2020=100 | D32: 0.8 | E32: 111.84 | F32: 104.36 | G32: 94.3 | H32: 94.3 | I32: 94.3 | J32: 94.3 | K32: 94.3 | L32: 94.3 | M32: 94.3 | N32: 93.74 | O32: 97.64 | P32: 100.6 | Q32: 97.68 | R32: 98.18 | S32: 98.17 | T32: 98.17 | U32: 98.17 | V32: 98.17 | W32: 98.17 | X32: 98.17 | Y32: 98.17 | Z32: 112.03 | AA32: 93.62 | AB32: 108.89 | AC32: 124.35 | AD32: 118.35 | AE32: 118.35 | AF32: 118.35 | AG32: 118.35 | AH32: 118.35 | AI32: 118.35 | AJ32: 118.35 | AK32: 118.35 | AL32: 122.01 | AM32: 145.86 | AN32: 153.71 | AO32: 228.66 | AP32: 301.72 | AQ32: 301.72 | AR32: 301.72 | AS32: 301.72 | AT32: 301.72 | AU32: 301.72 | AV32: 301.72 | AW32: 301.72 | AX32: 125.15 | AY32: 145.99 | AZ32: 179.03 | BA32: 226.42 | BB32: 259.68 | BC32: 259.68 | BD32: 259.68 | BE32: 259.68 | BF32: 259.68 | BG32: 259.68 | BH32: 259.68 | BI32: 259.68 | BJ32: 131.05 | BK32: 149.74 | BL32: 169.02 | BM32: 164.27 | BN32: 169.22 | BO32: 169.22 | BP32: 169.22 | BQ32: 169.22
A33: 과실류 | B33: 감 | C33: 2020=100 | D33: 0.1 | E33: 123.34 | F33: 143.7 | G33: 143.7 | H33: 143.7 | I33: 143.7 | J33: 143.7 | K33: 143.7 | L33: 143.7 | M33: 143.7 | N33: 87.75 | O33: 96.08 | P33: 118.6 | Q33: 127.25 | R33: 133.32 | S33: 154.23 | T33: 154.23 | U33: 154.23 | V33: 154.23 | W33: 154.23 | X33: 154.23 | Y33: 154.23 | Z33: 93.03 | AA33: 83.58 | AB33: 96.11 | AC33: 95.78 | AD33: 91.79 | AE33: 91.79 | AF33: 91.79 | AG33: 91.79 | AH33: 91.79 | AI33: 91.79 | AJ33: 91.79 | AK33: 91.79 | AL33: 122.42 | AM33: 119.32 | AN33: 148.43 | AO33: 157.59 | AP33: 179.44 | AQ33: 183.55 | AR33: 183.55 | AS33: 183.55 | AT33: 183.55 | AU33: 183.55 | AV33: 183.55 | AW33: 183.55 | AX33: 129.64 | AY33: 87.48 | AZ33: 100.86 | BA33: 97.28 | BB33: 115.63 | BC33: 128.88 | BD33: 128.88 | BE33: 128.88 | BF33: 128.88 | BG33: 128.88 | BH33: 128.88 | BI33: 128.88 | BJ33: 106.51 | BK33: 81.15 | BL33: 95.29 | BM33: 95.29 | BN33: 95.29 | BO33: 95.29 | BP33: 95.29 | BQ33: 95.29
A34: 축산물 | B34: 쇠고기 | C34: 2020=100 | D34: 3.6 | E34: 106.11 | F34: 101.01 | G34: 101.42 | H34: 103.9 | I34: 101.69 | J34: 106.83 | K34: 103.59 | L34: 108.42 | M34: 115.35 | N34: 107.14 | O34: 104.67 | P34: 104.04 | Q34: 102.51 | R34: 94.75 | S34: 97.97 | T34: 95.8 | U34: 96.01 | V34: 97.79 | W34: 93.31 | X34: 98.94 | Y34: 99.88 | Z34: 91.33 | AA34: 88.16 | AB34: 80.86 | AC34: 78.13 | AD34: 79.79 | AE34: 78.86 | AF34: 76.01 | AG34: 74.96 | AH34: 75.64 | AI34: 75.82 | AJ34: 83.53 | AK34: 93.9 | AL34: 87.74 | AM34: 87.73 | AN34: 82.43 | AO34: 84.38 | AP34: 82.13 | AQ34: 77.25 | AR34: 76.95 | AS34: 74.64 | AT34: 72.49 | AU34: 75.1 | AV34: 83.44 | AW34: 92.8 | AX34: 87.52 | AY34: 86.31 | AZ34: 89.84 | BA34: 91.03 | BB34: 87.4 | BC34: 84.44 | BD34: 85.72 | BE34: 84.69 | BF34: 84.56 | BG34: 90.08 | BH34: 95.37 | BI34: 101.92 | BJ34: 103.61 | BK34: 98.84 | BL34: 100.16 | BM34: 106.93 | BN34: 107.54 | BO34: 102.27 | BP34: 98.81 | BQ34: 100.94
A35: 축산물 | B35: 돼지고기 | C35: 2020=100 | D35: 3.4 | E35: 90.29 | F35: 87.98 | G35: 98.42 | H35: 113.16 | I35: 119.41 | J35: 127.91 | K35: 126.52 | L35: 130.21 | M35: 135.48 | N35: 115.34 | O35: 130.95 | P35: 124.14 | Q35: 112.3 | R35: 102.78 | S35: 103.16 | T35: 132.2 | U35: 161.01 | V35: 152.47 | W35: 144.24 | X35: 155.4 | Y35: 148.87 | Z35: 133.04 | AA35: 125.61 | AB35: 128.25 | AC35: 116.99 | AD35: 105.65 | AE35: 114.94 | AF35: 123.47 | AG35: 130.93 | AH35: 130.02 | AI35: 131.44 | AJ35: 133.55 | AK35: 141.54 | AL35: 122.22 | AM35: 117.63 | AN35: 112.94 | AO35: 108.44 | AP35: 98.25 | AQ35: 109.96 | AR35: 115.77 | AS35: 118.75 | AT35: 133.53 | AU35: 130.37 | AV35: 137.57 | AW35: 159.78 | AX35: 133.07 | AY35: 127.57 | AZ35: 127.95 | BA35: 121.5 | BB35: 112.37 | BC35: 119.17 | BD35: 128.96 | BE35: 131.75 | BF35: 144.33 | BG35: 150.43 | BH35: 157.6 | BI35: 162.75 | BJ35: 139.57 | BK35: 133.84 | BL35: 133.36 | BM35: 127.79 | BN35: 131.41 | BO35: 125.6 | BP35: 142.34 | BQ35: 144.68
A36: 축산물 | B36: 닭고기 | C36: 2020=100 | D36: 2 | E36: 126.09 | F36: 133.86 | G36: 124.18 | H36: 123.25 | I36: 122.14 | J36: 117.7 | K36: 139.37 | L36: 136.22 | M36: 125.86 | N36: 141.99 | O36: 125.48 | P36: 133.07 | Q36: 145.38 | R36: 150.04 | S36: 160.65 | T36: 158.74 | U36: 154.87 | V36: 158.79 | W36: 166.38 | X36: 155.72 | Y36: 145.19 | Z36: 151.9 | AA36: 160.87 | AB36: 171.4 | AC36: 160.21 | AD36: 163.28 | AE36: 177.16 | AF36: 171.31 | AG36: 174.5 | AH36: 171.79 | AI36: 178.74 | AJ36: 175.62 | AK36: 164.82 | AL36: 158.61 | AM36: 152.31 | AN36: 151.45 | AO36: 147.18 | AP36: 156.96 | AQ36: 158.84 | AR36: 159.48 | AS36: 150.87 | AT36: 146.39 | AU36: 152.01 | AV36: 154.78 | AW36: 154.07 | AX36: 142 | AY36: 133.7 | AZ36: 152.81 | BA36: 160.42 | BB36: 159.23 | BC36: 160.82 | BD36: 166.61 | BE36: 171.59 | BF36: 162.51 | BG36: 167.45 | BH36: 163.63 | BI36: 155.29 | BJ36: 151.22 | BK36: 155.16 | BL36: 166.27 | BM36: 163.93 | BN36: 172.52 | BO36: 181.17 | BP36: 187.37 | BQ36: 182.9
A37: 축산물 | B37: 오리고기 | C37: 2020=100 | D37: 0.2 | E37: 115.42 | F37: 128.94 | G37: 142.24 | H37: 153.28 | I37: 148.5 | J37: 141.7 | K37: 146.47 | L37: 151.91 | M37: 151.91 | N37: 151.91 | O37: 151.91 | P37: 151.91 | Q37: 151.91 | R37: 151.91 | S37: 151.91 | T37: 151.91 | U37: 151.91 | V37: 151.91 | W37: 151.91 | X37: 151.91 | Y37: 151.91 | Z37: 151.91 | AA37: 151.91 | AB37: 151.91 | AC37: 151.91 | AD37: 151.91 | AE37: 156.71 | AF37: 159.99 | AG37: 168.27 | AH37: 154.39 | AI37: 142.86 | AJ37: 137.45 | AK37: 125.83 | AL37: 127.16 | AM37: 126.62 | AN37: 126.5 | AO37: 131.89 | AP37: 123.31 | AQ37: 125.82 | AR37: 108.55 | AS37: 93.28 | AT37: 84.63 | AU37: 84.32 | AV37: 86.06 | AW37: 85.43 | AX37: 82.29 | AY37: 86.12 | AZ37: 88.97 | BA37: 92.92 | BB37: 91.88 | BC37: 97.44 | BD37: 98.33 | BE37: 82.89 | BF37: 79.57 | BG37: 84.55 | BH37: 87.32 | BI37: 82.91 | BJ37: 80.39 | BK37: 81.43 | BL37: 87.97 | BM37: 101.76 | BN37: 113.34 | BO37: 126.23 | BP37: 114.32 | BQ37: 94.37
A38: 축산물 | B38: 달걀 | C38: 2020=100 | D38: 1.1 | E38: 142.6 | F38: 174.7 | G38: 170.17 | H38: 170 | I38: 178.23 | J38: 184.01 | K38: 183.19 | L38: 172.16 | M38: 160.5 | N38: 139.42 | O38: 137 | P38: 137.35 | Q38: 136.55 | R38: 131.21 | S38: 142.34 | T38: 152 | U38: 159.34 | V38: 157.71 | W38: 153.55 | X38: 149.65 | Y38: 145.68 | Z38: 143.78 | AA38: 150.2 | AB38: 152.83 | AC38: 142.79 | AD38: 127.06 | AE38: 134.14 | AF38: 140.8 | AG38: 152.65 | AH38: 150.29 | AI38: 143.25 | AJ38: 140.27 | AK38: 154.54 | AL38: 156.9 | AM38: 154.37 | AN38: 153.38 | AO38: 154.1 | AP38: 145.76 | AQ38: 140.74 | AR38: 145.53 | AS38: 148.17 | AT38: 148.86 | AU38: 147.03 | AV38: 146.2 | AW38: 152.48 | AX38: 149.88 | AY38: 149.84 | AZ38: 146.78 | BA38: 147.46 | BB38: 134.73 | BC38: 143.92 | BD38: 160.3 | BE38: 166.21 | BF38: 173.55 | BG38: 175.49 | BH38: 175.5 | BI38: 175.26 | BJ38: 168.4 | BK38: 162.41 | BL38: 156.92 | BM38: 156.97 | BN38: 158.02 | BO38: 160.29 | BP38: 167.95 | BQ38: 178.84
A39: 축산물 | B39: 벌꿀 | C39: 2020=100 | D39: 0.2 | E39: 102.83 | F39: 102.83 | G39: 102.83 | H39: 102.83 | I39: 102.83 | J39: 115.16 | K39: 115.16 | L39: 115.16 | M39: 115.16 | N39: 115.16 | O39: 115.16 | P39: 115.16 | Q39: 115.16 | R39: 115.16 | S39: 115.16 | T39: 115.16 | U39: 115.16 | V39: 120.3 | W39: 123.37 | X39: 123.37 | Y39: 123.37 | Z39: 123.37 | AA39: 123.37 | AB39: 123.37 | AC39: 123.37 | AD39: 123.37 | AE39: 123.37 | AF39: 123.37 | AG39: 123.37 | AH39: 123.37 | AI39: 123.37 | AJ39: 123.37 | AK39: 123.37 | AL39: 123.37 | AM39: 123.37 | AN39: 123.37 | AO39: 123.37 | AP39: 123.37 | AQ39: 123.37 | AR39: 123.37 | AS39: 123.37 | AT39: 123.37 | AU39: 117.37 | AV39: 117.37 | AW39: 117.37 | AX39: 117.37 | AY39: 117.37 | AZ39: 117.37 | BA39: 117.37 | BB39: 117.37 | BC39: 117.37 | BD39: 117.37 | BE39: 117.37 | BF39: 117.37 | BG39: 117.37 | BH39: 117.37 | BI39: 117.37 | BJ39: 117.37 | BK39: 117.37 | BL39: 117.37 | BM39: 117.37 | BN39: 117.37 | BO39: 117.37 | BP39: 117.37 | BQ39: 117.37
... A63: 수산물(가공) | B63: 김 | C63: 2020=100 | D63: 0.5 | E63: 99.12 | F63: 99.12 | G63: 98.9 | H63: 98.32 | I63: 98.32 | J63: 97.56 | K63: 97.53 | L63: 97.53 | M63: 97.53 | N63: 97.53 | O63: 97.53 | P63: 94.91 | Q63: 92.66 | R63: 90.9 | S63: 90.23 | T63: 91.67 | U63: 92.08 | V63: 92.08 | W63: 92.08 | X63: 92.26 | Y63: 94.44 | Z63: 94.27 | AA63: 94.89 | AB63: 96.62 | AC63: 97.09 | AD63: 99.49 | AE63: 104.69 | AF63: 105.28 | AG63: 107.68 | AH63: 109.37 | AI63: 108.15 | AJ63: 107.91 | AK63: 107.98 | AL63: 109.05 | AM63: 110.41 | AN63: 112.44 | AO63: 120.07 | AP63: 124.43 | AQ63: 149.06 | AR63: 166.03 | AS63: 169.98 | AT63: 170.62 | AU63: 170.95 | AV63: 171.89 | AW63: 171.89 | AX63: 171.89 | AY63: 174.83 | AZ63: 183.86 | BA63: 188.05 | BB63: 176.6 | BC63: 182.63 | BD63: 186.99 | BE63: 181.62 | BF63: 181.19 | BG63: 180.72 | BH63: 179.02 | BI63: 179.65 | BJ63: 180.18 | BK63: 180.39 | BL63: 181.49 | BM63: 182.52 | BN63: 183.87 | BO63: 182.4 | BP63: 178.75 | BQ63: 176.37

Sheet 월별증감률(전월비)
A1: 카테고리 | B1: 품목 | C1: 2021/02 | D1: 2021/03 | E1: 2021/04 | F1: 2021/05 | G1: 2021/06 | H1: 2021/07 | I1: 2021/08 | J1: 2021/09 | K1: 2021/10 | L1: 2021/11 | M1: 2021/12 | N1: 2022/01 | O1: 2022/02 | P1: 2022/03 | Q1: 2022/04 | R1: 2022/05 | S1: 2022/06 | T1: 2022/07 | U1: 2022/08 | V1: 2022/09 | W1: 2022/10 | X1: 2022/11 | Y1: 2022/12 | Z1: 2023/01 | AA1: 2023/02 | AB1: 2023/03 | AC1: 2023/04 | AD1: 2023/05 | AE1: 2023/06 | AF1: 2023/07 | AG1: 2023/08 | AH1: 2023/09 | AI1: 2023/10 | AJ1: 2023/11 | AK1: 2023/12 | AL1: 2024/01 | AM1: 2024/02 | AN1: 2024/03 | AO1: 2024/04 | AP1: 2024/05 | AQ1: 2024/06 | AR1: 2024/07 | AS1: 2024/08 | AT1: 2024/09 | AU1: 2024/10 | AV1: 2024/11 | AW1: 2024/12 | AX1: 2025/01 | AY1: 2025/02 | AZ1: 2025/03 | BA1: 2025/04 | BB1: 2025/05 | BC1: 2025/06 | BD1: 2025/07 | BE1: 2025/08 | BF1: 2025/09 | BG1: 2025/10 | BH1: 2025/11 | BI1: 2025/12 | BJ1: 2026/01 | BK1: 2026/02 | BL1: 2026/03 | BM1: 2026/04 | BN1: 2026/05
A2: 곡물류 | B2: 쌀 | C2: =IFERROR('원자료(월별지수)'!F2/'원자료(월별지수)'!E2-1,"") -> 0.0051416201 | D2: =IFERROR('원자료(월별지수)'!G2/'원자료(월별지수)'!F2-1,"") -> 0.0074486225 | E2: =IFERROR('원자료(월별지수)'!H2/'원자료(월별지수)'!G2-1,"") -> 0.0078389453 | F2: =IFERROR('원자료(월별지수)'!I2/'원자료(월별지수)'!H2-1,"") -> 0.0021212657 | G2: =IFERROR('원자료(월별지수)'!J2/'원자료(월별지수)'!I2-1,"") -> 0.00070559182 | H2: =IFERROR('원자료(월별지수)'!K2/'원자료(월별지수)'!J2-1,"") -> -0.00070509431 | I2: =IFERROR('원자료(월별지수)'!L2/'원자료(월별지수)'!K2-1,"") -> -0.0050273417 | J2: =IFERROR('원자료(월별지수)'!M2/'원자료(월별지수)'!L2-1,"") -> -0.023668115 | ... BN2: =IFERROR('원자료(월별지수)'!BQ2/'원자료(월별지수)'!BP2-1,"") -> -0.0024888431
A3: 곡물류 | B3: 보리쌀 | C3: =IFERROR('원자료(월별지수)'!F3/'원자료(월별지수)'!E3-1,"") -> 0 | D3: =IFERROR('원자료(월별지수)'!G3/'원자료(월별지수)'!F3-1,"") -> 0 | E3: =IFERROR('원자료(월별지수)'!H3/'원자료(월별지수)'!G3-1,"") -> 0 | F3: =IFERROR('원자료(월별지수)'!I3/'원자료(월별지수)'!H3-1,"") -> 0 | G3: =IFERROR('원자료(월별지수)'!J3/'원자료(월별지수)'!I3-1,"") -> 0.0022 | H3: =IFERROR('원자료(월별지수)'!K3/'원자료(월별지수)'!J3-1,"") -> 0.003093195 | I3: =IFERROR('원자료(월별지수)'!L3/'원자료(월별지수)'!K3-1,"") -> 0 | J3: =IFERROR('원자료(월별지수)'!M3/'원자료(월별지수)'!L3-1,"") -> 0 | ... BN3: =IFERROR('원자료(월별지수)'!BQ3/'원자료(월별지수)'!BP3-1,"") -> -0.069870759
A4: 곡물류 | B4: 콩 | C4: =IFERROR('원자료(월별지수)'!F4/'원자료(월별지수)'!E4-1,"") -> 0.006819374 | D4: =IFERROR('원자료(월별지수)'!G4/'원자료(월별지수)'!F4-1,"") -> 0.018843348 | E4: =IFERROR('원자료(월별지수)'!H4/'원자료(월별지수)'!G4-1,"") -> 0.0029830393 | F4: =IFERROR('원자료(월별지수)'!I4/'원자료(월별지수)'!H4-1,"") -> 0.0014445955 | G4: =IFERROR('원자료(월별지수)'!J4/'원자료(월별지수)'!I4-1,"") -> 0.0089944845 | H4: =IFERROR('원자료(월별지수)'!K4/'원자료(월별지수)'!J4-1,"") -> 0.016230763 | I4: =IFERROR('원자료(월별지수)'!L4/'원자료(월별지수)'!K4-1,"") -> 0.0016550811 | J4: =IFERROR('원자료(월별지수)'!M4/'원자료(월별지수)'!L4-1,"") -> 0.00066093853 | ... BN4: =IFERROR('원자료(월별지수)'!BQ4/'원자료(월별지수)'!BP4-1,"") -> 0.0013576416
A5: 서류 | B5: 감자 | C5: =IFERROR('원자료(월별지수)'!F5/'원자료(월별지수)'!E5-1,"") -> 0.024497188 | D5: =IFERROR('원자료(월별지수)'!G5/'원자료(월별지수)'!F5-1,"") -> -0.029214738 | E5: =IFERROR('원자료(월별지수)'!H5/'원자료(월별지수)'!G5-1,"") -> -0.10389113 | F5: =IFERROR('원자료(월별지수)'!I5/'원자료(월별지수)'!H5-1,"") -> -0.085026738 | G5: =IFERROR('원자료(월별지수)'!J5/'원자료(월별지수)'!I5-1,"") -> -0.16808884 | H5: =IFERROR('원자료(월별지수)'!K5/'원자료(월별지수)'!J5-1,"") -> 0.091752143 | I5: =IFERROR('원자료(월별지수)'!L5/'원자료(월별지수)'!K5-1,"") -> 0.3029601 | J5: =IFERROR('원자료(월별지수)'!M5/'원자료(월별지수)'!L5-1,"") -> 0.07101936 | ... BN5: =IFERROR('원자료(월별지수)'!BQ5/'원자료(월별지수)'!BP5-1,"") -> -0.2977795
A6: 서류 | B6: 고구마 | C6: =IFERROR('원자료(월별지수)'!F6/'원자료(월별지수)'!E6-1,"") -> 0.032362768 | D6: =IFERROR('원자료(월별지수)'!G6/'원자료(월별지수)'!F6-1,"") -> -0.015812835 | E6: =IFERROR('원자료(월별지수)'!H6/'원자료(월별지수)'!G6-1,"") -> -0.0092079301 | F6: =IFERROR('원자료(월별지수)'!I6/'원자료(월별지수)'!H6-1,"") -> 0.15713608 | G6: =IFERROR('원자료(월별지수)'!J6/'원자료(월별지수)'!I6-1,"") -> 0.032781511 | H6: =IFERROR('원자료(월별지수)'!K6/'원자료(월별지수)'!J6-1,"") -> -0.31820346 | I6: =IFERROR('원자료(월별지수)'!L6/'원자료(월별지수)'!K6-1,"") -> -0.029678771 | J6: =IFERROR('원자료(월별지수)'!M6/'원자료(월별지수)'!L6-1,"") -> -0.010555356 | ... BN6: =IFERROR('원자료(월별지수)'!BQ6/'원자료(월별지수)'!BP6-1,"") -> 0.05963556
A7: 채소류(엽경채) | B7: 배추 | C7: =IFERROR('원자료(월별지수)'!F7/'원자료(월별지수)'!E7-1,"") -> 0.52633889 | D7: =IFERROR('원자료(월별지수)'!G7/'원자료(월별지수)'!F7-1,"") -> 0.22591314 | E7: =IFERROR('원자료(월별지수)'!H7/'원자료(월별지수)'!G7-1,"") -> 0.02228739 | F7: =IFERROR('원자료(월별지수)'!I7/'원자료(월별지수)'!H7-1,"") -> -0.23602983 | G7: =IFERROR('원자료(월별지수)'!J7/'원자료(월별지수)'!I7-1,"") -> -0.26344248 | H7: =IFERROR('원자료(월별지수)'!K7/'원자료(월별지수)'!J7-1,"") -> 0.21431485 | I7: =IFERROR('원자료(월별지수)'!L7/'원자료(월별지수)'!K7-1,"") -> 0.4720403 | J7: =IFERROR('원자료(월별지수)'!M7/'원자료(월별지수)'!L7-1,"") -> 0.26876569 | ... BN7: =IFERROR('원자료(월별지수)'!BQ7/'원자료(월별지수)'!BP7-1,"") -> -0.29681701
A8: 채소류(엽경채) | B8: 시금치 | C8: =IFERROR('원자료(월별지수)'!F8/'원자료(월별지수)'!E8-1,"") -> -0.13259321 | D8: =IFERROR('원자료(월별지수)'!G8/'원자료(월별지수)'!F8-1,"") -> -0.21045641 | E8: =IFERROR('원자료(월별지수)'!H8/'원자료(월별지수)'!G8-1,"") -> 0.12341337 | F8: =IFERROR('원자료(월별지수)'!I8/'원자료(월별지수)'!H8-1,"") -> 0.19439151 | G8: =IFERROR('원자료(월별지수)'!J8/'원자료(월별지수)'!I8-1,"") -> 0.15580123 | H8: =IFERROR('원자료(월별지수)'!K8/'원자료(월별지수)'!J8-1,"") -> 0.76037866 | I8: =IFERROR('원자료(월별지수)'!L8/'원자료(월별지수)'!K8-1,"") -> 0.86203227 | J8: =IFERROR('원자료(월별지수)'!M8/'원자료(월별지수)'!L8-1,"") -> -0.37026564 | ... BN8: =IFERROR('원자료(월별지수)'!BQ8/'원자료(월별지수)'!BP8-1,"") -> 0.091838291
A9: 채소류(엽경채) | B9: 상추 | C9: =IFERROR('원자료(월별지수)'!F9/'원자료(월별지수)'!E9-1,"") -> -0.38027434 | D9: =IFERROR('원자료(월별지수)'!G9/'원자료(월별지수)'!F9-1,"") -> -0.22687357 | E9: =IFERROR('원자료(월별지수)'!H9/'원자료(월별지수)'!G9-1,"") -> 0.14672475 | F9: =IFERROR('원자료(월별지수)'!I9/'원자료(월별지수)'!H9-1,"") -> 0.15033921 | G9: =IFERROR('원자료(월별지수)'!J9/'원자료(월별지수)'!I9-1,"") -> 0.27978297 | H9: =IFERROR('원자료(월별지수)'!K9/'원자료(월별지수)'!J9-1,"") -> 0.51142857 | I9: =IFERROR('원자료(월별지수)'!L9/'원자료(월별지수)'!K9-1,"") -> 0.27690713 | J9: =IFERROR('원자료(월별지수)'!M9/'원자료(월별지수)'!L9-1,"") -> 0.34350525 | ... BN9: =IFERROR('원자료(월별지수)'!BQ9/'원자료(월별지수)'!BP9-1,"") -> 0.18747121
A10: 채소류(엽경채) | B10: 부추 | C10: =IFERROR('원자료(월별지수)'!F10/'원자료(월별지수)'!E10-1,"") -> -0.23093144 | D10: =IFERROR('원자료(월별지수)'!G10/'원자료(월별지수)'!F10-1,"") -> -0.31891892 | E10: =IFERROR('원자료(월별지수)'!H10/'원자료(월별지수)'!G10-1,"") -> -0.2531631 | F10: =IFERROR('원자료(월별지수)'!I10/'원자료(월별지수)'!H10-1,"") -> -0.17957801 | G10: =IFERROR('원자료(월별지수)'!J10/'원자료(월별지수)'!I10-1,"") -> -0.074901445 | H10: =IFERROR('원자료(월별지수)'!K10/'원자료(월별지수)'!J10-1,"") -> 0.25405844 | I10: =IFERROR('원자료(월별지수)'!L10/'원자료(월별지수)'!K10-1,"") -> 0.47783172 | J10: =IFERROR('원자료(월별지수)'!M10/'원자료(월별지수)'!L10-1,"") -> 0.18909449 | ... BN10: =IFERROR('원자료(월별지수)'!BQ10/'원자료(월별지수)'!BP10-1,"") -> -0.39458362
A11: 채소류(엽경채) | B11: 수박 | C11: =IFERROR('원자료(월별지수)'!F11/'원자료(월별지수)'!E11-1,"") -> 0.76135041 | D11: =IFERROR('원자료(월별지수)'!G11/'원자료(월별지수)'!F11-1,"") -> 0.61123596 | E11: =IFERROR('원자료(월별지수)'!H11/'원자료(월별지수)'!G11-1,"") -> -0.095742063 | F11: =IFERROR('원자료(월별지수)'!I11/'원자료(월별지수)'!H11-1,"") -> -0.064235166 | G11: =IFERROR('원자료(월별지수)'!J11/'원자료(월별지수)'!I11-1,"") -> -0.14262168 | H11: =IFERROR('원자료(월별지수)'!K11/'원자료(월별지수)'!J11-1,"") -> 0.4005428 | I11: =IFERROR('원자료(월별지수)'!L11/'원자료(월별지수)'!K11-1,"") -> -0.060476383 | J11: =IFERROR('원자료(월별지수)'!M11/'원자료(월별지수)'!L11-1,"") -> -0.31213475 | ... BN11: =IFERROR('원자료(월별지수)'!BQ11/'원자료(월별지수)'!BP11-1,"") -> -0.015242243
A12: 채소류(엽경채) | B12: 참외 | C12: =IFERROR('원자료(월별지수)'!F12/'원자료(월별지수)'!E12-1,"") -> -0.14656772 | D12: =IFERROR('원자료(월별지수)'!G12/'원자료(월별지수)'!F12-1,"") -> 0.37971014 | E12: =IFERROR('원자료(월별지수)'!H12/'원자료(월별지수)'!G12-1,"") -> -0.2133666 | F12: =IFERROR('원자료(월별지수)'!I12/'원자료(월별지수)'!H12-1,"") -> -0.29377399 | G12: =IFERROR('원자료(월별지수)'!J12/'원자료(월별지수)'!I12-1,"") -> -0.0035452612 | H12: =IFERROR('원자료(월별지수)'!K12/'원자료(월별지수)'!J12-1,"") -> -0.3095351 | I12: =IFERROR('원자료(월별지수)'!L12/'원자료(월별지수)'!K12-1,"") -> 0.35692202 | J12: =IFERROR('원자료(월별지수)'!M12/'원자료(월별지수)'!L12-1,"") -> -0.17341772 | ... BN12: =IFERROR('원자료(월별지수)'!BQ12/'원자료(월별지수)'!BP12-1,"") -> -0.38614355
A13: 채소류(엽경채) | B13: 오이 | C13: =IFERROR('원자료(월별지수)'!F13/'원자료(월별지수)'!E13-1,"") -> -0.020421464 | D13: =IFERROR('원자료(월별지수)'!G13/'원자료(월별지수)'!F13-1,"") -> -0.20070969 | E13: =IFERROR('원자료(월별지수)'!H13/'원자료(월별지수)'!G13-1,"") -> -0.36662967 | F13: =IFERROR('원자료(월별지수)'!I13/'원자료(월별지수)'!H13-1,"") -> 0.073306075 | G13: =IFERROR('원자료(월별지수)'!J13/'원자료(월별지수)'!I13-1,"") -> -0.12489796 | H13: =IFERROR('원자료(월별지수)'!K13/'원자료(월별지수)'!J13-1,"") -> 0.26570274 | I13: =IFERROR('원자료(월별지수)'!L13/'원자료(월별지수)'!K13-1,"") -> 0.38693035 | J13: =IFERROR('원자료(월별지수)'!M13/'원자료(월별지수)'!L13-1,"") -> -0.031529537 | ... BN13: =IFERROR('원자료(월별지수)'!BQ13/'원자료(월별지수)'!BP13-1,"") -> -0.34503219
... A63: 수산물(가공) | B63: 김 | C63: =IFERROR('원자료(월별지수)'!F63/'원자료(월별지수)'!E63-1,"") -> 0 | D63: =IFERROR('원자료(월별지수)'!G63/'원자료(월별지수)'!F63-1,"") -> -0.0022195319 | E63: =IFERROR('원자료(월별지수)'!H63/'원자료(월별지수)'!G63-1,"") -> -0.0058645096 | F63: =IFERROR('원자료(월별지수)'!I63/'원자료(월별지수)'!H63-1,"") -> 0 | G63: =IFERROR('원자료(월별지수)'!J63/'원자료(월별지수)'!I63-1,"") -> -0.0077298617 | H63: =IFERROR('원자료(월별지수)'!K63/'원자료(월별지수)'!J63-1,"") -> -0.00030750308 | I63: =IFERROR('원자료(월별지수)'!L63/'원자료(월별지수)'!K63-1,"") -> 0 | J63: =IFERROR('원자료(월별지수)'!M63/'원자료(월별지수)'!L63-1,"") -> 0 | ... BN63: =IFERROR('원자료(월별지수)'!BQ63/'원자료(월별지수)'!BP63-1,"") -> -0.013314685

Sheet 계절평균(월별등락률)
A1: 카테고리 | B1: 품목 | C1: 1월 | D1: 2월 | E1: 3월 | F1: 4월 | G1: 5월 | H1: 6월 | I1: 7월 | J1: 8월 | K1: 9월 | L1: 10월 | M1: 11월 | N1: 12월 | O1: 가장많이오르는달 | P1: 평균상승률 | Q1: 가장많이내리는달 | R1: 평균하락률
A2: 곡물류 | B2: 쌀 | C2: =AVERAGE('월별증감률(전월비)'!N2,'월별증감률(전월비)'!Z2,'월별증감률(전월비)'!AL2,'월별증감률(전월비)'!AX2,'월별증감률(전월비)'!BJ2) -> -0.010413228 | D2: =AVERAGE('월별증감률(전월비)'!C2,'월별증감률(전월비)'!O2,'월별증감률(전월비)'!AA2,'월별증감률(전월비)'!AM2,'월별증감률(전월비)'!AY2,'월별증감률(전월비)'!BK2) -> 0.00078392558 | E2: =AVERAGE('월별증감률(전월비)'!D2,'월별증감률(전월비)'!P2,'월별증감률(전월비)'!AB2,'월별증감률(전월비)'!AN2,'월별증감률(전월비)'!AZ2,'월별증감률(전월비)'!BL2) -> 0.00037560131 | F2: =AVERAGE('월별증감률(전월비)'!E2,'월별증감률(전월비)'!Q2,'월별증감률(전월비)'!AC2,'월별증감률(전월비)'!AO2,'월별증감률(전월비)'!BA2,'월별증감률(전월비)'!BM2) -> -0.0073858767 | G2: =AVERAGE('월별증감률(전월비)'!F2,'월별증감률(전월비)'!R2,'월별증감률(전월비)'!AD2,'월별증감률(전월비)'!AP2,'월별증감률(전월비)'!BB2,'월별증감률(전월비)'!BN2) -> -0.0046451629 | H2: =AVERAGE('월별증감률(전월비)'!G2,'월별증감률(전월비)'!S2,'월별증감률(전월비)'!AE2,'월별증감률(전월비)'!AQ2,'월별증감률(전월비)'!BC2) -> 0.0040494493 | I2: =AVERAGE('월별증감률(전월비)'!H2,'월별증감률(전월비)'!T2,'월별증감률(전월비)'!AF2,'월별증감률(전월비)'!AR2,'월별증감률(전월비)'!BD2) -> -0.0008969418 | J2: =AVERAGE('월별증감률(전월비)'!I2,'월별증감률(전월비)'!U2,'월별증감률(전월비)'!AG2,'월별증감률(전월비)'!AS2,'월별증감률(전월비)'!BE2) -> 0.0022562741 | K2: =AVERAGE('월별증감률(전월비)'!J2,'월별증감률(전월비)'!V2,'월별증감률(전월비)'!AH2,'월별증감률(전월비)'!AT2,'월별증감률(전월비)'!BF2) -> -0.00027480393 | L2: =AVERAGE('월별증감률(전월비)'!K2,'월별증감률(전월비)'!W2,'월별증감률(전월비)'!AI2,'월별증감률(전월비)'!AU2,'월별증감률(전월비)'!BG2) -> 0.067253806 | M2: =AVERAGE('월별증감률(전월비)'!L2,'월별증감률(전월비)'!X2,'월별증감률(전월비)'!AJ2,'월별증감률(전월비)'!AV2,'월별증감률(전월비)'!BH2) -> -0.028138611 | N2: =AVERAGE('월별증감률(전월비)'!M2,'월별증감률(전월비)'!Y2,'월별증감률(전월비)'!AK2,'월별증감률(전월비)'!AW2,'월별증감률(전월비)'!BI2) -> -0.0054714203 | O2: =INDEX($C$1:$N$1,MATCH(MAX(C2:N2),C2:N2,0)) -> 10월 | P2: =MAX(C2:N2) -> 0.067253806 | Q2: =INDEX($C$1:$N$1,MATCH(MIN(C2:N2),C2:N2,0)) -> 11월 | R2: =MIN(C2:N2) -> -0.028138611
A3: 곡물류 | B3: 보리쌀 | C3: =AVERAGE('월별증감률(전월비)'!N3,'월별증감률(전월비)'!Z3,'월별증감률(전월비)'!AL3,'월별증감률(전월비)'!AX3,'월별증감률(전월비)'!BJ3) -> -0.000789262 | D3: =AVERAGE('월별증감률(전월비)'!C3,'월별증감률(전월비)'!O3,'월별증감률(전월비)'!AA3,'월별증감률(전월비)'!AM3,'월별증감률(전월비)'!AY3,'월별증감률(전월비)'!BK3) -> 0.0032273271 | E3: =AVERAGE('월별증감률(전월비)'!D3,'월별증감률(전월비)'!P3,'월별증감률(전월비)'!AB3,'월별증감률(전월비)'!AN3,'월별증감률(전월비)'!AZ3,'월별증감률(전월비)'!BL3) -> 0.0027696979 | F3: =AVERAGE('월별증감률(전월비)'!E3,'월별증감률(전월비)'!Q3,'월별증감률(전월비)'!AC3,'월별증감률(전월비)'!AO3,'월별증감률(전월비)'!BA3,'월별증감률(전월비)'!BM3) -> -0.0042349321 | G3: =AVERAGE('월별증감률(전월비)'!F3,'월별증감률(전월비)'!R3,'월별증감률(전월비)'!AD3,'월별증감률(전월비)'!AP3,'월별증감률(전월비)'!BB3,'월별증감률(전월비)'!BN3) -> -0.009328723 | H3: =AVERAGE('월별증감률(전월비)'!G3,'월별증감률(전월비)'!S3,'월별증감률(전월비)'!AE3,'월별증감률(전월비)'!AQ3,'월별증감률(전월비)'!BC3) -> 0.02913484 | I3: =AVERAGE('월별증감률(전월비)'!H3,'월별증감률(전월비)'!T3,'월별증감률(전월비)'!AF3,'월별증감률(전월비)'!AR3,'월별증감률(전월비)'!BD3) -> 0.066700727 | J3: =AVERAGE('월별증감률(전월비)'!I3,'월별증감률(전월비)'!U3,'월별증감률(전월비)'!AG3,'월별증감률(전월비)'!AS3,'월별증감률(전월비)'!BE3) -> 0.00015576324 | K3: =AVERAGE('월별증감률(전월비)'!J3,'월별증감률(전월비)'!V3,'월별증감률(전월비)'!AH3,'월별증감률(전월비)'!AT3,'월별증감률(전월비)'!BF3) -> 0 | L3: =AVERAGE('월별증감률(전월비)'!K3,'월별증감률(전월비)'!W3,'월별증감률(전월비)'!AI3,'월별증감률(전월비)'!AU3,'월별증감률(전월비)'!BG3) -> 0.0097365702 | M3: =AVERAGE('월별증감률(전월비)'!L3,'월별증감률(전월비)'!X3,'월별증감률(전월비)'!AJ3,'월별증감률(전월비)'!AV3,'월별증감률(전월비)'!BH3) -> 0.0068095062 | N3: =AVERAGE('월별증감률(전월비)'!M3,'월별증감률(전월비)'!Y3,'월별증감률(전월비)'!AK3,'월별증감률(전월비)'!AW3,'월별증감률(전월비)'!BI3) -> 0 | O3: =INDEX($C$1:$N$1,MATCH(MAX(C3:N3),C3:N3,0)) -> 7월 | P3: =MAX(C3:N3) -> 0.066700727 | Q3: =INDEX($C$1:$N$1,MATCH(MIN(C3:N3),C3:N3,0)) -> 5월 | R3: =MIN(C3:N3) -> -0.009328723
A4: 곡물류 | B4: 콩 | C4: =AVERAGE('월별증감률(전월비)'!N4,'월별증감률(전월비)'!Z4,'월별증감률(전월비)'!AL4,'월별증감률(전월비)'!AX4,'월별증감률(전월비)'!BJ4) -> -0.013357254 | D4: =AVERAGE('월별증감률(전월비)'!C4,'월별증감률(전월비)'!O4,'월별증감률(전월비)'!AA4,'월별증감률(전월비)'!AM4,'월별증감률(전월비)'!AY4,'월별증감률(전월비)'!BK4) -> -0.0041016018 | E4: =AVERAGE('월별증감률(전월비)'!D4,'월별증감률(전월비)'!P4,'월별증감률(전월비)'!AB4,'월별증감률(전월비)'!AN4,'월별증감률(전월비)'!AZ4,'월별증감률(전월비)'!BL4) -> 0.0044601354 | F4: =AVERAGE('월별증감률(전월비)'!E4,'월별증감률(전월비)'!Q4,'월별증감률(전월비)'!AC4,'월별증감률(전월비)'!AO4,'월별증감률(전월비)'!BA4,'월별증감률(전월비)'!BM4) -> -0.0012122004 | G4: =AVERAGE('월별증감률(전월비)'!F4,'월별증감률(전월비)'!R4,'월별증감률(전월비)'!AD4,'월별증감률(전월비)'!AP4,'월별증감률(전월비)'!BB4,'월별증감률(전월비)'!BN4) -> 0.0034843989 | H4: =AVERAGE('월별증감률(전월비)'!G4,'월별증감률(전월비)'!S4,'월별증감률(전월비)'!AE4,'월별증감률(전월비)'!AQ4,'월별증감률(전월비)'!BC4) -> 0.0045284014 | I4: =AVERAGE('월별증감률(전월비)'!H4,'월별증감률(전월비)'!T4,'월별증감률(전월비)'!AF4,'월별증감률(전월비)'!AR4,'월별증감률(전월비)'!BD4) -> 0.0035437747 | J4: =AVERAGE('월별증감률(전월비)'!I4,'월별증감률(전월비)'!U4,'월별증감률(전월비)'!AG4,'월별증감률(전월비)'!AS4,'월별증감률(전월비)'!BE4) -> 0.0029591027 | K4: =AVERAGE('월별증감률(전월비)'!J4,'월별증감률(전월비)'!V4,'월별증감률(전월비)'!AH4,'월별증감률(전월비)'!AT4,'월별증감률(전월비)'!BF4) -> 0.0020036567 | L4: =AVERAGE('월별증감률(전월비)'!K4,'월별증감률(전월비)'!W4,'월별증감률(전월비)'!AI4,'월별증감률(전월비)'!AU4,'월별증감률(전월비)'!BG4) -> 0.0010394045 | M4: =AVERAGE('월별증감률(전월비)'!L4,'월별증감률(전월비)'!X4,'월별증감률(전월비)'!AJ4,'월별증감률(전월비)'!AV4,'월별증감률(전월비)'!BH4) -> -0.0083368344 | N4: =AVERAGE('월별증감률(전월비)'!M4,'월별증감률(전월비)'!Y4,'월별증감률(전월비)'!AK4,'월별증감률(전월비)'!AW4,'월별증감률(전월비)'!BI4) -> -0.01484446 | O4: =INDEX($C$1:$N$1,MATCH(MAX(C4:N4),C4:N4,0)) -> 6월 | P4: =MAX(C4:N4) -> 0.0045284014 | Q4: =INDEX($C$1:$N$1,MATCH(MIN(C4:N4),C4:N4,0)) -> 12월 | R4: =MIN(C4:N4) -> -0.01484446
A5: 서류 | B5: 감자 | C5: =AVERAGE('월별증감률(전월비)'!N5,'월별증감률(전월비)'!Z5,'월별증감률(전월비)'!AL5,'월별증감률(전월비)'!AX5,'월별증감률(전월비)'!BJ5) -> 0.052318949 | D5: =AVERAGE('월별증감률(전월비)'!C5,'월별증감률(전월비)'!O5,'월별증감률(전월비)'!AA5,'월별증감률(전월비)'!AM5,'월별증감률(전월비)'!AY5,'월별증감률(전월비)'!BK5) -> -0.036557559 | E5: =AVERAGE('월별증감률(전월비)'!D5,'월별증감률(전월비)'!P5,'월별증감률(전월비)'!AB5,'월별증감률(전월비)'!AN5,'월별증감률(전월비)'!AZ5,'월별증감률(전월비)'!BL5) -> 0.025639475 | F5: =AVERAGE('월별증감률(전월비)'!E5,'월별증감률(전월비)'!Q5,'월별증감률(전월비)'!AC5,'월별증감률(전월비)'!AO5,'월별증감률(전월비)'!BA5,'월별증감률(전월비)'!BM5) -> 0.13741755 | G5: =AVERAGE('월별증감률(전월비)'!F5,'월별증감률(전월비)'!R5,'월별증감률(전월비)'!AD5,'월별증감률(전월비)'!AP5,'월별증감률(전월비)'!BB5,'월별증감률(전월비)'!BN5) -> -0.084830985 | H5: =AVERAGE('월별증감률(전월비)'!G5,'월별증감률(전월비)'!S5,'월별증감률(전월비)'!AE5,'월별증감률(전월비)'!AQ5,'월별증감률(전월비)'!BC5) -> -0.26151765 | I5: =AVERAGE('월별증감률(전월비)'!H5,'월별증감률(전월비)'!T5,'월별증감률(전월비)'!AF5,'월별증감률(전월비)'!AR5,'월별증감률(전월비)'!BD5) -> 0.022264422 | J5: =AVERAGE('월별증감률(전월비)'!I5,'월별증감률(전월비)'!U5,'월별증감률(전월비)'!AG5,'월별증감률(전월비)'!AS5,'월별증감률(전월비)'!BE5) -> 0.13868828 | K5: =AVERAGE('월별증감률(전월비)'!J5,'월별증감률(전월비)'!V5,'월별증감률(전월비)'!AH5,'월별증감률(전월비)'!AT5,'월별증감률(전월비)'!BF5) -> 0.039704794 | L5: =AVERAGE('월별증감률(전월비)'!K5,'월별증감률(전월비)'!W5,'월별증감률(전월비)'!AI5,'월별증감률(전월비)'!AU5,'월별증감률(전월비)'!BG5) -> -0.0049695646 | M5: =AVERAGE('월별증감률(전월비)'!L5,'월별증감률(전월비)'!X5,'월별증감률(전월비)'!AJ5,'월별증감률(전월비)'!AV5,'월별증감률(전월비)'!BH5) -> 0.056938927 | N5: =AVERAGE('월별증감률(전월비)'!M5,'월별증감률(전월비)'!Y5,'월별증감률(전월비)'!AK5,'월별증감률(전월비)'!AW5,'월별증감률(전월비)'!BI5) -> 0.073921815 | O5: =INDEX($C$1:$N$1,MATCH(MAX(C5:N5),C5:N5,0)) -> 8월 | P5: =MAX(C5:N5) -> 0.13868828 | Q5: =INDEX($C$1:$N$1,MATCH(MIN(C5:N5),C5:N5,0)) -> 6월 | R5: =MIN(C5:N5) -> -0.26151765
A6: 서류 | B6: 고구마 | C6: =AVERAGE('월별증감률(전월비)'!N6,'월별증감률(전월비)'!Z6,'월별증감률(전월비)'!AL6,'월별증감률(전월비)'!AX6,'월별증감률(전월비)'!BJ6) -> 0.014047389 | D6: =AVERAGE('월별증감률(전월비)'!C6,'월별증감률(전월비)'!O6,'월별증감률(전월비)'!AA6,'월별증감률(전월비)'!AM6,'월별증감률(전월비)'!AY6,'월별증감률(전월비)'!BK6) -> 0.030920665 | E6: =AVERAGE('월별증감률(전월비)'!D6,'월별증감률(전월비)'!P6,'월별증감률(전월비)'!AB6,'월별증감률(전월비)'!AN6,'월별증감률(전월비)'!AZ6,'월별증감률(전월비)'!BL6) -> -0.036399077 | F6: =AVERAGE('월별증감률(전월비)'!E6,'월별증감률(전월비)'!Q6,'월별증감률(전월비)'!AC6,'월별증감률(전월비)'!AO6,'월별증감률(전월비)'!BA6,'월별증감률(전월비)'!BM6) -> -0.0048601739 | G6: =AVERAGE('월별증감률(전월비)'!F6,'월별증감률(전월비)'!R6,'월별증감률(전월비)'!AD6,'월별증감률(전월비)'!AP6,'월별증감률(전월비)'!BB6,'월별증감률(전월비)'!BN6) -> 0.06879012 | H6: =AVERAGE('월별증감률(전월비)'!G6,'월별증감률(전월비)'!S6,'월별증감률(전월비)'!AE6,'월별증감률(전월비)'!AQ6,'월별증감률(전월비)'!BC6) -> 0.038005702 | I6: =AVERAGE('월별증감률(전월비)'!H6,'월별증감률(전월비)'!T6,'월별증감률(전월비)'!AF6,'월별증감률(전월비)'!AR6,'월별증감률(전월비)'!BD6) -> -0.14038575 | J6: =AVERAGE('월별증감률(전월비)'!I6,'월별증감률(전월비)'!U6,'월별증감률(전월비)'!AG6,'월별증감률(전월비)'!AS6,'월별증감률(전월비)'!BE6) -> 0.075396691 | K6: =AVERAGE('월별증감률(전월비)'!J6,'월별증감률(전월비)'!V6,'월별증감률(전월비)'!AH6,'월별증감률(전월비)'!AT6,'월별증감률(전월비)'!BF6) -> -0.075825581 | L6: =AVERAGE('월별증감률(전월비)'!K6,'월별증감률(전월비)'!W6,'월별증감률(전월비)'!AI6,'월별증감률(전월비)'!AU6,'월별증감률(전월비)'!BG6) -> -0.075918434 | M6: =AVERAGE('월별증감률(전월비)'!L6,'월별증감률(전월비)'!X6,'월별증감률(전월비)'!AJ6,'월별증감률(전월비)'!AV6,'월별증감률(전월비)'!BH6) -> 0.023270516 | N6: =AVERAGE('월별증감률(전월비)'!M6,'월별증감률(전월비)'!Y6,'월별증감률(전월비)'!AK6,'월별증감률(전월비)'!AW6,'월별증감률(전월비)'!BI6) -> 0.068033011 | O6: =INDEX($C$1:$N$1,MATCH(MAX(C6:N6),C6:N6,0)) -> 8월 | P6: =MAX(C6:N6) -> 0.075396691 | Q6: =INDEX($C$1:$N$1,MATCH(MIN(C6:N6),C6:N6,0)) -> 7월 | R6: =MIN(C6:N6) -> -0.14038575
A7: 채소류(엽경채) | B7: 배추 | C7: =AVERAGE('월별증감률(전월비)'!N7,'월별증감률(전월비)'!Z7,'월별증감률(전월비)'!AL7,'월별증감률(전월비)'!AX7,'월별증감률(전월비)'!BJ7) -> 0.056027747 | D7: =AVERAGE('월별증감률(전월비)'!C7,'월별증감률(전월비)'!O7,'월별증감률(전월비)'!AA7,'월별증감률(전월비)'!AM7,'월별증감률(전월비)'!AY7,'월별증감률(전월비)'!BK7) -> 0.17244815 | E7: =AVERAGE('월별증감률(전월비)'!D7,'월별증감률(전월비)'!P7,'월별증감률(전월비)'!AB7,'월별증감률(전월비)'!AN7,'월별증감률(전월비)'!AZ7,'월별증감률(전월비)'!BL7) -> 0.16237251 | F7: =AVERAGE('월별증감률(전월비)'!E7,'월별증감률(전월비)'!Q7,'월별증감률(전월비)'!AC7,'월별증감률(전월비)'!AO7,'월별증감률(전월비)'!BA7,'월별증감률(전월비)'!BM7) -> 0.10799734 | G7: =AVERAGE('월별증감률(전월비)'!F7,'월별증감률(전월비)'!R7,'월별증감률(전월비)'!AD7,'월별증감률(전월비)'!AP7,'월별증감률(전월비)'!BB7,'월별증감률(전월비)'!BN7) -> -0.20649199 | H7: =AVERAGE('월별증감률(전월비)'!G7,'월별증감률(전월비)'!S7,'월별증감률(전월비)'!AE7,'월별증감률(전월비)'!AQ7,'월별증감률(전월비)'!BC7) -> -0.13914709 | I7: =AVERAGE('월별증감률(전월비)'!H7,'월별증감률(전월비)'!T7,'월별증감률(전월비)'!AF7,'월별증감률(전월비)'!AR7,'월별증감률(전월비)'!BD7) -> 0.33172975 | J7: =AVERAGE('월별증감률(전월비)'!I7,'월별증감률(전월비)'!U7,'월별증감률(전월비)'!AG7,'월별증감률(전월비)'!AS7,'월별증감률(전월비)'!BE7) -> 0.60106924 | K7: =AVERAGE('월별증감률(전월비)'!J7,'월별증감률(전월비)'!V7,'월별증감률(전월비)'!AH7,'월별증감률(전월비)'!AT7,'월별증감률(전월비)'!BF7) -> 0.33289117 | L7: =AVERAGE('월별증감률(전월비)'!K7,'월별증감률(전월비)'!W7,'월별증감률(전월비)'!AI7,'월별증감률(전월비)'!AU7,'월별증감률(전월비)'!BG7) -> -0.41068121 | M7: =AVERAGE('월별증감률(전월비)'!L7,'월별증감률(전월비)'!X7,'월별증감률(전월비)'!AJ7,'월별증감률(전월비)'!AV7,'월별증감률(전월비)'!BH7) -> -0.15722906 | N7: =AVERAGE('월별증감률(전월비)'!M7,'월별증감률(전월비)'!Y7,'월별증감률(전월비)'!AK7,'월별증감률(전월비)'!AW7,'월별증감률(전월비)'!BI7) -> -0.074418871 | O7: =INDEX($C$1:$N$1,MATCH(MAX(C7:N7),C7:N7,0)) -> 8월 | P7: =MAX(C7:N7) -> 0.60106924 | Q7: =INDEX($C$1:$N$1,MATCH(MIN(C7:N7),C7:N7,0)) -> 10월 | R7: =MIN(C7:N7) -> -0.41068121
A8: 채소류(엽경채) | B8: 시금치 | C8: =AVERAGE('월별증감률(전월비)'!N8,'월별증감률(전월비)'!Z8,'월별증감률(전월비)'!AL8,'월별증감률(전월비)'!AX8,'월별증감률(전월비)'!BJ8) -> 0.33044082 | D8: =AVERAGE('월별증감률(전월비)'!C8,'월별증감률(전월비)'!O8,'월별증감률(전월비)'!AA8,'월별증감률(전월비)'!AM8,'월별증감률(전월비)'!AY8,'월별증감률(전월비)'!BK8) -> 0.082853304 | E8: =AVERAGE('월별증감률(전월비)'!D8,'월별증감률(전월비)'!P8,'월별증감률(전월비)'!AB8,'월별증감률(전월비)'!AN8,'월별증감률(전월비)'!AZ8,'월별증감률(전월비)'!BL8) -> -0.19117639 | F8: =AVERAGE('월별증감률(전월비)'!E8,'월별증감률(전월비)'!Q8,'월별증감률(전월비)'!AC8,'월별증감률(전월비)'!AO8,'월별증감률(전월비)'!BA8,'월별증감률(전월비)'!BM8) -> -0.10295974 | G8: =AVERAGE('월별증감률(전월비)'!F8,'월별증감률(전월비)'!R8,'월별증감률(전월비)'!AD8,'월별증감률(전월비)'!AP8,'월별증감률(전월비)'!BB8,'월별증감률(전월비)'!BN8) -> 0.12673835 | H8: =AVERAGE('월별증감률(전월비)'!G8,'월별증감률(전월비)'!S8,'월별증감률(전월비)'!AE8,'월별증감률(전월비)'!AQ8,'월별증감률(전월비)'!BC8) -> 0.25195269 | I8: =AVERAGE('월별증감률(전월비)'!H8,'월별증감률(전월비)'!T8,'월별증감률(전월비)'!AF8,'월별증감률(전월비)'!AR8,'월별증감률(전월비)'!BD8) -> 1.4632603 | J8: =AVERAGE('월별증감률(전월비)'!I8,'월별증감률(전월비)'!U8,'월별증감률(전월비)'!AG8,'월별증감률(전월비)'!AS8,'월별증감률(전월비)'!BE8) -> 0.65988545 | K8: =AVERAGE('월별증감률(전월비)'!J8,'월별증감률(전월비)'!V8,'월별증감률(전월비)'!AH8,'월별증감률(전월비)'!AT8,'월별증감률(전월비)'!BF8) -> -0.11282228 | L8: =AVERAGE('월별증감률(전월비)'!K8,'월별증감률(전월비)'!W8,'월별증감률(전월비)'!AI8,'월별증감률(전월비)'!AU8,'월별증감률(전월비)'!BG8) -> -0.54163057 | M8: =AVERAGE('월별증감률(전월비)'!L8,'월별증감률(전월비)'!X8,'월별증감률(전월비)'!AJ8,'월별증감률(전월비)'!AV8,'월별증감률(전월비)'!BH8) -> -0.42008149 | N8: =AVERAGE('월별증감률(전월비)'!M8,'월별증감률(전월비)'!Y8,'월별증감률(전월비)'!AK8,'월별증감률(전월비)'!AW8,'월별증감률(전월비)'!BI8) -> -0.12494734 | O8: =INDEX($C$1:$N$1,MATCH(MAX(C8:N8),C8:N8,0)) -> 7월 | P8: =MAX(C8:N8) -> 1.4632603 | Q8: =INDEX($C$1:$N$1,MATCH(MIN(C8:N8),C8:N8,0)) -> 10월 | R8: =MIN(C8:N8) -> -0.54163057
A9: 채소류(엽경채) | B9: 상추 | C9: =AVERAGE('월별증감률(전월비)'!N9,'월별증감률(전월비)'!Z9,'월별증감률(전월비)'!AL9,'월별증감률(전월비)'!AX9,'월별증감률(전월비)'!BJ9) -> 0.417269 | D9: =AVERAGE('월별증감률(전월비)'!C9,'월별증감률(전월비)'!O9,'월별증감률(전월비)'!AA9,'월별증감률(전월비)'!AM9,'월별증감률(전월비)'!AY9,'월별증감률(전월비)'!BK9) -> -0.31168965 | E9: =AVERAGE('월별증감률(전월비)'!D9,'월별증감률(전월비)'!P9,'월별증감률(전월비)'!AB9,'월별증감률(전월비)'!AN9,'월별증감률(전월비)'!AZ9,'월별증감률(전월비)'!BL9) -> -0.11397685 | F9: =AVERAGE('월별증감률(전월비)'!E9,'월별증감률(전월비)'!Q9,'월별증감률(전월비)'!AC9,'월별증감률(전월비)'!AO9,'월별증감률(전월비)'!BA9,'월별증감률(전월비)'!BM9) -> 0.005360937 | G9: =AVERAGE('월별증감률(전월비)'!F9,'월별증감률(전월비)'!R9,'월별증감률(전월비)'!AD9,'월별증감률(전월비)'!AP9,'월별증감률(전월비)'!BB9,'월별증감률(전월비)'!BN9) -> 0.084015434 | H9: =AVERAGE('월별증감률(전월비)'!G9,'월별증감률(전월비)'!S9,'월별증감률(전월비)'!AE9,'월별증감률(전월비)'!AQ9,'월별증감률(전월비)'!BC9) -> 0.33768117 | I9: =AVERAGE('월별증감률(전월비)'!H9,'월별증감률(전월비)'!T9,'월별증감률(전월비)'!AF9,'월별증감률(전월비)'!AR9,'월별증감률(전월비)'!BD9) -> 1.2733238 | J9: =AVERAGE('월별증감률(전월비)'!I9,'월별증감률(전월비)'!U9,'월별증감률(전월비)'!AG9,'월별증감률(전월비)'!AS9,'월별증감률(전월비)'!BE9) -> 0.034408229 | K9: =AVERAGE('월별증감률(전월비)'!J9,'월별증감률(전월비)'!V9,'월별증감률(전월비)'!AH9,'월별증감률(전월비)'!AT9,'월별증감률(전월비)'!BF9) -> 0.13395404 | L9: =AVERAGE('월별증감률(전월비)'!K9,'월별증감률(전월비)'!W9,'월별증감률(전월비)'!AI9,'월별증감률(전월비)'!AU9,'월별증감률(전월비)'!BG9) -> -0.25965153 | M9: =AVERAGE('월별증감률(전월비)'!L9,'월별증감률(전월비)'!X9,'월별증감률(전월비)'!AJ9,'월별증감률(전월비)'!AV9,'월별증감률(전월비)'!BH9) -> -0.47358314 | N9: =AVERAGE('월별증감률(전월비)'!M9,'월별증감률(전월비)'!Y9,'월별증감률(전월비)'!AK9,'월별증감률(전월비)'!AW9,'월별증감률(전월비)'!BI9) -> 0.052498413 | O9: =INDEX($C$1:$N$1,MATCH(MAX(C9:N9),C9:N9,0)) -> 7월 | P9: =MAX(C9:N9) -> 1.2733238 | Q9: =INDEX($C$1:$N$1,MATCH(MIN(C9:N9),C9:N9,0)) -> 11월 | R9: =MIN(C9:N9) -> -0.47358314
A10: 채소류(엽경채) | B10: 부추 | C10: =AVERAGE('월별증감률(전월비)'!N10,'월별증감률(전월비)'!Z10,'월별증감률(전월비)'!AL10,'월별증감률(전월비)'!AX10,'월별증감률(전월비)'!BJ10) -> 0.083468288 | D10: =AVERAGE('월별증감률(전월비)'!C10,'월별증감률(전월비)'!O10,'월별증감률(전월비)'!AA10,'월별증감률(전월비)'!AM10,'월별증감률(전월비)'!AY10,'월별증감률(전월비)'!BK10) -> -0.04450958 | E10: =AVERAGE('월별증감률(전월비)'!D10,'월별증감률(전월비)'!P10,'월별증감률(전월비)'!AB10,'월별증감률(전월비)'!AN10,'월별증감률(전월비)'!AZ10,'월별증감률(전월비)'!BL10) -> -0.20906359 | F10: =AVERAGE('월별증감률(전월비)'!E10,'월별증감률(전월비)'!Q10,'월별증감률(전월비)'!AC10,'월별증감률(전월비)'!AO10,'월별증감률(전월비)'!BA10,'월별증감률(전월비)'!BM10) -> -0.32107016 | G10: =AVERAGE('월별증감률(전월비)'!F10,'월별증감률(전월비)'!R10,'월별증감률(전월비)'!AD10,'월별증감률(전월비)'!AP10,'월별증감률(전월비)'!BB10,'월별증감률(전월비)'!BN10) -> -0.29399509 | H10: =AVERAGE('월별증감률(전월비)'!G10,'월별증감률(전월비)'!S10,'월별증감률(전월비)'!AE10,'월별증감률(전월비)'!AQ10,'월별증감률(전월비)'!BC10) -> -0.20776316 | I10: =AVERAGE('월별증감률(전월비)'!H10,'월별증감률(전월비)'!T10,'월별증감률(전월비)'!AF10,'월별증감률(전월비)'!AR10,'월별증감률(전월비)'!BD10) -> 0.45840441 | J10: =AVERAGE('월별증감률(전월비)'!I10,'월별증감률(전월비)'!U10,'월별증감률(전월비)'!AG10,'월별증감률(전월비)'!AS10,'월별증감률(전월비)'!BE10) -> 0.73987892 | K10: =AVERAGE('월별증감률(전월비)'!J10,'월별증감률(전월비)'!V10,'월별증감률(전월비)'!AH10,'월별증감률(전월비)'!AT10,'월별증감률(전월비)'!BF10) -> -0.18527363 | L10: =AVERAGE('월별증감률(전월비)'!K10,'월별증감률(전월비)'!W10,'월별증감률(전월비)'!AI10,'월별증감률(전월비)'!AU10,'월별증감률(전월비)'!BG10) -> 0.24660552 | M10: =AVERAGE('월별증감률(전월비)'!L10,'월별증감률(전월비)'!X10,'월별증감률(전월비)'!AJ10,'월별증감률(전월비)'!AV10,'월별증감률(전월비)'!BH10) -> 0.57719072 | N10: =AVERAGE('월별증감률(전월비)'!M10,'월별증감률(전월비)'!Y10,'월별증감률(전월비)'!AK10,'월별증감률(전월비)'!AW10,'월별증감률(전월비)'!BI10) -> -0.003249296 | O10: =INDEX($C$1:$N$1,MATCH(MAX(C10:N10),C10:N10,0)) -> 8월 | P10: =MAX(C10:N10) -> 0.73987892 | Q10: =INDEX($C$1:$N$1,MATCH(MIN(C10:N10),C10:N10,0)) -> 4월 | R10: =MIN(C10:N10) -> -0.32107016
A11: 채소류(엽경채) | B11: 수박 | C11: =AVERAGE('월별증감률(전월비)'!N11,'월별증감률(전월비)'!Z11,'월별증감률(전월비)'!AL11,'월별증감률(전월비)'!AX11,'월별증감률(전월비)'!BJ11) -> 0.17501566 | D11: =AVERAGE('월별증감률(전월비)'!C11,'월별증감률(전월비)'!O11,'월별증감률(전월비)'!AA11,'월별증감률(전월비)'!AM11,'월별증감률(전월비)'!AY11,'월별증감률(전월비)'!BK11) -> 0.30259754 | E11: =AVERAGE('월별증감률(전월비)'!D11,'월별증감률(전월비)'!P11,'월별증감률(전월비)'!AB11,'월별증감률(전월비)'!AN11,'월별증감률(전월비)'!AZ11,'월별증감률(전월비)'!BL11) -> 0.11837841 | F11: =AVERAGE('월별증감률(전월비)'!E11,'월별증감률(전월비)'!Q11,'월별증감률(전월비)'!AC11,'월별증감률(전월비)'!AO11,'월별증감률(전월비)'!BA11,'월별증감률(전월비)'!BM11) -> -0.077130292 | G11: =AVERAGE('월별증감률(전월비)'!F11,'월별증감률(전월비)'!R11,'월별증감률(전월비)'!AD11,'월별증감률(전월비)'!AP11,'월별증감률(전월비)'!BB11,'월별증감률(전월비)'!BN11) -> -0.055581253 | H11: =AVERAGE('월별증감률(전월비)'!G11,'월별증감률(전월비)'!S11,'월별증감률(전월비)'!AE11,'월별증감률(전월비)'!AQ11,'월별증감률(전월비)'!BC11) -> -0.16406053 | I11: =AVERAGE('월별증감률(전월비)'!H11,'월별증감률(전월비)'!T11,'월별증감률(전월비)'!AF11,'월별증감률(전월비)'!AR11,'월별증감률(전월비)'!BD11) -> 0.34500821 | J11: =AVERAGE('월별증감률(전월비)'!I11,'월별증감률(전월비)'!U11,'월별증감률(전월비)'!AG11,'월별증감률(전월비)'!AS11,'월별증감률(전월비)'!BE11) -> 0.15652979 | K11: =AVERAGE('월별증감률(전월비)'!J11,'월별증감률(전월비)'!V11,'월별증감률(전월비)'!AH11,'월별증감률(전월비)'!AT11,'월별증감률(전월비)'!BF11) -> -0.30236686 | L11: =AVERAGE('월별증감률(전월비)'!K11,'월별증감률(전월비)'!W11,'월별증감률(전월비)'!AI11,'월별증감률(전월비)'!AU11,'월별증감률(전월비)'!BG11) -> -0.16725605 | M11: =AVERAGE('월별증감률(전월비)'!L11,'월별증감률(전월비)'!X11,'월별증감률(전월비)'!AJ11,'월별증감률(전월비)'!AV11,'월별증감률(전월비)'!BH11) -> 0.14754743 | N11: =AVERAGE('월별증감률(전월비)'!M11,'월별증감률(전월비)'!Y11,'월별증감률(전월비)'!AK11,'월별증감률(전월비)'!AW11,'월별증감률(전월비)'!BI11) -> 0.11073037 | O11: =INDEX($C$1:$N$1,MATCH(MAX(C11:N11),C11:N11,0)) -> 7월 | P11: =MAX(C11:N11) -> 0.34500821 | Q11: =INDEX($C$1:$N$1,MATCH(MIN(C11:N11),C11:N11,0)) -> 9월 | R11: =MIN(C11:N11) -> -0.30236686
A12: 채소류(엽경채) | B12: 참외 | C12: =AVERAGE('월별증감률(전월비)'!N12,'월별증감률(전월비)'!Z12,'월별증감률(전월비)'!AL12,'월별증감률(전월비)'!AX12,'월별증감률(전월비)'!BJ12) -> 0 | D12: =AVERAGE('월별증감률(전월비)'!C12,'월별증감률(전월비)'!O12,'월별증감률(전월비)'!AA12,'월별증감률(전월비)'!AM12,'월별증감률(전월비)'!AY12,'월별증감률(전월비)'!BK12) -> -0.024427953 | E12: =AVERAGE('월별증감률(전월비)'!D12,'월별증감률(전월비)'!P12,'월별증감률(전월비)'!AB12,'월별증감률(전월비)'!AN12,'월별증감률(전월비)'!AZ12,'월별증감률(전월비)'!BL12) -> 0.89824426 | F12: =AVERAGE('월별증감률(전월비)'!E12,'월별증감률(전월비)'!Q12,'월별증감률(전월비)'!AC12,'월별증감률(전월비)'!AO12,'월별증감률(전월비)'!BA12,'월별증감률(전월비)'!BM12) -> -0.082467569 | G12: =AVERAGE('월별증감률(전월비)'!F12,'월별증감률(전월비)'!R12,'월별증감률(전월비)'!AD12,'월별증감률(전월비)'!AP12,'월별증감률(전월비)'!BB12,'월별증감률(전월비)'!BN12) -> -0.41030759 | H12: =AVERAGE('월별증감률(전월비)'!G12,'월별증감률(전월비)'!S12,'월별증감률(전월비)'!AE12,'월별증감률(전월비)'!AQ12,'월별증감률(전월비)'!BC12) -> -0.090558435 | I12: =AVERAGE('월별증감률(전월비)'!H12,'월별증감률(전월비)'!T12,'월별증감률(전월비)'!AF12,'월별증감률(전월비)'!AR12,'월별증감률(전월비)'!BD12) -> -0.14837016 | J12: =AVERAGE('월별증감률(전월비)'!I12,'월별증감률(전월비)'!U12,'월별증감률(전월비)'!AG12,'월별증감률(전월비)'!AS12,'월별증감률(전월비)'!BE12) -> 0.35716915 | K12: =AVERAGE('월별증감률(전월비)'!J12,'월별증감률(전월비)'!V12,'월별증감률(전월비)'!AH12,'월별증감률(전월비)'!AT12,'월별증감률(전월비)'!BF12) -> -0.034683544 | L12: =AVERAGE('월별증감률(전월비)'!K12,'월별증감률(전월비)'!W12,'월별증감률(전월비)'!AI12,'월별증감률(전월비)'!AU12,'월별증감률(전월비)'!BG12) -> 0 | M12: =AVERAGE('월별증감률(전월비)'!L12,'월별증감률(전월비)'!X12,'월별증감률(전월비)'!AJ12,'월별증감률(전월비)'!AV12,'월별증감률(전월비)'!BH12) -> 0 | N12: =AVERAGE('월별증감률(전월비)'!M12,'월별증감률(전월비)'!Y12,'월별증감률(전월비)'!AK12,'월별증감률(전월비)'!AW12,'월별증감률(전월비)'!BI12) -> 0 | O12: =INDEX($C$1:$N$1,MATCH(MAX(C12:N12),C12:N12,0)) -> 3월 | P12: =MAX(C12:N12) -> 0.89824426 | Q12: =INDEX($C$1:$N$1,MATCH(MIN(C12:N12),C12:N12,0)) -> 5월 | R12: =MIN(C12:N12) -> -0.41030759
A13: 채소류(엽경채) | B13: 오이 | C13: =AVERAGE('월별증감률(전월비)'!N13,'월별증감률(전월비)'!Z13,'월별증감률(전월비)'!AL13,'월별증감률(전월비)'!AX13,'월별증감률(전월비)'!BJ13) -> 0.22776044 | D13: =AVERAGE('월별증감률(전월비)'!C13,'월별증감률(전월비)'!O13,'월별증감률(전월비)'!AA13,'월별증감률(전월비)'!AM13,'월별증감률(전월비)'!AY13,'월별증감률(전월비)'!BK13) -> -0.079491871 | E13: =AVERAGE('월별증감률(전월비)'!D13,'월별증감률(전월비)'!P13,'월별증감률(전월비)'!AB13,'월별증감률(전월비)'!AN13,'월별증감률(전월비)'!AZ13,'월별증감률(전월비)'!BL13) -> -0.16304288 | F13: =AVERAGE('월별증감률(전월비)'!E13,'월별증감률(전월비)'!Q13,'월별증감률(전월비)'!AC13,'월별증감률(전월비)'!AO13,'월별증감률(전월비)'!BA13,'월별증감률(전월비)'!BM13) -> -0.36230284 | G13: =AVERAGE('월별증감률(전월비)'!F13,'월별증감률(전월비)'!R13,'월별증감률(전월비)'!AD13,'월별증감률(전월비)'!AP13,'월별증감률(전월비)'!BB13,'월별증감률(전월비)'!BN13) -> -0.20691881 | H13: =AVERAGE('월별증감률(전월비)'!G13,'월별증감률(전월비)'!S13,'월별증감률(전월비)'!AE13,'월별증감률(전월비)'!AQ13,'월별증감률(전월비)'!BC13) -> 0.023153961 | I13: =AVERAGE('월별증감률(전월비)'!H13,'월별증감률(전월비)'!T13,'월별증감률(전월비)'!AF13,'월별증감률(전월비)'!AR13,'월별증감률(전월비)'!BD13) -> 0.57987518 | J13: =AVERAGE('월별증감률(전월비)'!I13,'월별증감률(전월비)'!U13,'월별증감률(전월비)'!AG13,'월별증감률(전월비)'!AS13,'월별증감률(전월비)'!BE13) -> 0.22374511 | K13: =AVERAGE('월별증감률(전월비)'!J13,'월별증감률(전월비)'!V13,'월별증감률(전월비)'!AH13,'월별증감률(전월비)'!AT13,'월별증감률(전월비)'!BF13) -> 0.0079819339 | L13: =AVERAGE('월별증감률(전월비)'!K13,'월별증감률(전월비)'!W13,'월별증감률(전월비)'!AI13,'월별증감률(전월비)'!AU13,'월별증감률(전월비)'!BG13) -> -0.065313998 | M13: =AVERAGE('월별증감률(전월비)'!L13,'월별증감률(전월비)'!X13,'월별증감률(전월비)'!AJ13,'월별증감률(전월비)'!AV13,'월별증감률(전월비)'!BH13) -> 0.026999553 | N13: =AVERAGE('월별증감률(전월비)'!M13,'월별증감률(전월비)'!Y13,'월별증감률(전월비)'!AK13,'월별증감률(전월비)'!AW13,'월별증감률(전월비)'!BI13) -> 0.23713435 | O13: =INDEX($C$1:$N$1,MATCH(MAX(C13:N13),C13:N13,0)) -> 7월 | P13: =MAX(C13:N13) -> 0.57987518 | Q13: =INDEX($C$1:$N$1,MATCH(MIN(C13:N13),C13:N13,0)) -> 4월 | R13: =MIN(C13:N13) -> -0.36230284
... A63: 수산물(가공) | B63: 김 | C63: =AVERAGE('월별증감률(전월비)'!N63,'월별증감률(전월비)'!Z63,'월별증감률(전월비)'!AL63,'월별증감률(전월비)'!AX63,'월별증감률(전월비)'!BJ63) -> 0.015496097 | D63: =AVERAGE('월별증감률(전월비)'!C63,'월별증감률(전월비)'!O63,'월별증감률(전월비)'!AA63,'월별증감률(전월비)'!AM63,'월별증감률(전월비)'!AY63,'월별증감률(전월비)'!BK63) -> -0.0019090501 | E63: =AVERAGE('월별증감률(전월비)'!D63,'월별증감률(전월비)'!P63,'월별증감률(전월비)'!AB63,'월별증감률(전월비)'!AN63,'월별증감률(전월비)'!AZ63,'월별증감률(전월비)'!BL63) -> 0.044461515 | F63: =AVERAGE('월별증감률(전월비)'!E63,'월별증감률(전월비)'!Q63,'월별증감률(전월비)'!AC63,'월별증감률(전월비)'!AO63,'월별증감률(전월비)'!BA63,'월별증감률(전월비)'!BM63) -> 0.022239934 | G63: =AVERAGE('월별증감률(전월비)'!F63,'월별증감률(전월비)'!R63,'월별증감률(전월비)'!AD63,'월별증감률(전월비)'!AP63,'월별증감률(전월비)'!BB63,'월별증감률(전월비)'!BN63) -> 0.0015045 | H63: =AVERAGE('월별증감률(전월비)'!G63,'월별증감률(전월비)'!S63,'월별증감률(전월비)'!AE63,'월별증감률(전월비)'!AQ63,'월별증감률(전월비)'!BC63) -> 0.0018724715 | I63: =AVERAGE('월별증감률(전월비)'!H63,'월별증감률(전월비)'!T63,'월별증감률(전월비)'!AF63,'월별증감률(전월비)'!AR63,'월별증감률(전월비)'!BD63) -> -0.0024244277 | J63: =AVERAGE('월별증감률(전월비)'!I63,'월별증감률(전월비)'!U63,'월별증감률(전월비)'!AG63,'월별증감률(전월비)'!AS63,'월별증감률(전월비)'!BE63) -> -0.00083449031 | K63: =AVERAGE('월별증감률(전월비)'!J63,'월별증감률(전월비)'!V63,'월별증감률(전월비)'!AH63,'월별증감률(전월비)'!AT63,'월별증감률(전월비)'!BF63) -> 0.0055593447 | L63: =AVERAGE('월별증감률(전월비)'!K63,'월별증감률(전월비)'!W63,'월별증감률(전월비)'!AI63,'월별증감률(전월비)'!AU63,'월별증감률(전월비)'!BG63) -> 0.0022118677 | M63: =AVERAGE('월별증감률(전월비)'!L63,'월별증감률(전월비)'!X63,'월별증감률(전월비)'!AJ63,'월별증감률(전월비)'!AV63,'월별증감률(전월비)'!BH63) -> 0.007463532 | N63: =AVERAGE('월별증감률(전월비)'!M63,'월별증감률(전월비)'!Y63,'월별증감률(전월비)'!AK63,'월별증감률(전월비)'!AW63,'월별증감률(전월비)'!BI63) -> 0.013500439 | O63: =INDEX($C$1:$N$1,MATCH(MAX(C63:N63),C63:N63,0)) -> 3월 | P63: =MAX(C63:N63) -> 0.044461515 | Q63: =INDEX($C$1:$N$1,MATCH(MIN(C63:N63),C63:N63,0)) -> 7월 | R63: =MIN(C63:N63) -> -0.0024244277

Sheet 차트(카테고리별 계절패턴)
A1: 카테고리별 월별 평균 전월대비 등락률(%) 계절 패턴 (2021.1~2026.5 평균)
